date,M_t,D_t,H_t,new_cases,infectiousness,delay_list
2020-02-16,43.330994783119394,0.0,1.1662657545660773,0.0,0.0,0
2020-02-17,43.844625158676166,0.0,1.1668247353529468,0.0,0.0,[12.0]
2020-02-18,44.17427242522514,0.0,1.1680963315118449,2.0,0.0,"[8.0, 8.0, 14.0, 14.0, 16.0]"
2020-02-19,44.28327909147887,0.0,1.170058611624773,0.0,0.0,0
2020-02-20,44.22377369840294,0.0,1.1724832750793648,16.0,0.0,"[11.0, 10.0, 12.0, 13.0, 23.0]"
2020-02-21,44.10678894067264,0.0,1.1750432414785228,74.0,0.0,"[18.0, 12.0, 8.0, 12.0, 10.0, 13.0, 17.0]"
2020-02-22,44.03740554664259,0.0,1.1774912559521902,190.0,0.0,"[5.0, 9.0, 8.0, 8.0, 11.0, 10.0, 14.0, 12.0, 15.0, 14.0, 21.0]"
2020-02-23,44.05576755997023,0.0,1.179819125946042,210.0,0.0,"[8.0, 7.0, 8.0, 10.0, 8.0, 11.0]"
2020-02-24,44.122993604145165,0.0,1.182288742391177,207.0,0.0,"[5.0, 7.0, 7.0]"
2020-02-25,44.15925958932482,0.0,1.1852822909506298,130.0,0.0,"[6.0, 5.0, 7.0, 8.0, 8.0, 11.0, 11.0, 12.0]"
2020-02-26,44.1093366107722,0.0,1.189032275649611,253.0,0.0,"[6.0, 5.0, 7.0, 7.0, 9.0, 9.0, 11.0]"
2020-02-27,43.98878737581715,0.0,1.1933762954117977,449.0,0.0,"[4.0, 5.0, 5.0, 5.0, 7.0, 7.0, 7.0, 10.0, 9.0]"
2020-02-28,43.8764481560759,0.0,1.1977012479685916,427.0,0.0,"[9.0, 4.0, 5.0, 8.0, 10.0, 11.0, 16.0]"
2020-02-29,43.86029261338194,0.0,1.2011699457839935,909.0,0.0,"[4.0, 5.0, 5.0, 4.0, 7.0, 8.0, 5.0]"
2020-03-01,43.97646936285662,0.0,1.2031327461588854,595.0,0.0,"[10.0, 8.0, 8.0, 7.0, 14.0, 14.0]"
2020-03-02,44.18570073396708,0.0,1.2034756457924392,686.0,0.0,"[5.0, 7.0, 11.0, 5.0]"
2020-03-03,44.40358464878927,0.7501432585697689,1.2026588546896602,600.0,505.0405030481272,"[7.0, 6.0, 10.0, 15.0]"
2020-03-04,44.56305541621874,0.7501432585697689,1.2014103433400083,516.0,583.4373643472619,"[6.0, 10.0, 11.0]"
2020-03-05,44.66342740285284,0.7501432585697689,1.2003140759711957,438.0,625.4413650952374,"[7.0, 6.0, 6.0]"
2020-03-06,44.76706390529255,0.7501432585697689,1.1995797878340615,518.0,620.4805941049497,"[6.0, 6.0, 7.0]"
2020-03-07,44.948488580088856,0.7501432585697689,1.1991179388458957,483.0,583.0089335351526,[9.0]
2020-03-08,45.23484065850009,0.7501432585697689,1.1987762970620608,367.0,548.9534494967631,"[5.0, 7.0, 12.0]"
2020-03-09,45.58360203113752,0.7501432585697689,1.1985156139266566,248.0,520.8213186760225,"[6.0, 13.0]"
2020-03-10,45.913905952223566,0.7501432585697689,1.198405387204826,131.0,486.810732916531,[6.0]
2020-03-11,46.16800746427622,0.0,1.198489045918372,0.0,0.0,0
2020-03-12,46.35667604053886,0.0,1.1986753558891603,0.0,0.0,0
2020-03-13,46.551376366542776,0.7501432585697689,1.1987516581504485,110.0,437.2846138833687,"[5.0, 5.0, 7.0]"
2020-03-14,46.83042515823088,0.7501432585697689,1.1985248227304857,107.0,365.5167986983468,"[3.0, 12.0]"
2020-03-15,47.219174728194005,0.0,1.197949438738059,0.0,0.0,0
2020-03-16,47.66894041525387,0.7501432585697689,1.1971694141700044,74.0,285.7165067815072,[14.0]
2020-03-17,48.0911936635486,0.0,1.196411622868506,0.0,0.0,0
2020-03-18,48.422474137642766,0.7501432585697689,1.1958190021867527,93.0,215.9849129885337,"[10.0, 13.0]"
2020-03-19,48.67219929762054,0.7501432585697689,1.1953507022353014,152.0,161.36270891507365,"[5.0, 6.0, 7.0]"
2020-03-20,48.91443556557349,0.7501432585697689,1.1948163810514676,87.0,127.05359154324395,"[8.0, 11.0]"
2020-03-21,49.231179054471454,0.7501432585697689,1.1940272104147982,147.0,116.56966536646068,"[10.0, 17.0]"
2020-03-22,49.64882395111371,0.7501432585697689,1.19294280189255,98.0,111.0521526981884,[8.0]
2020-03-23,50.11592887386874,0.7501432585697689,1.191706956177487,64.0,114.56430399789566,"[8.0, 9.0, 18.0]"
2020-03-24,50.53915652859884,0.0,1.1905462339181467,0.0,0.0,0
2020-03-25,50.85180310736401,0.7501432585697689,1.189602923012432,100.0,116.30269956603917,[8.0]
2020-03-26,51.0641830012606,0.7501432585697689,1.1888349945161103,104.0,108.8373246775666,[5.0]
2020-03-27,51.2548065181194,0.0,1.188050177855248,0.0,0.0,0
2020-03-28,51.5105799108527,0.7501432585697689,1.1870567790550086,146.0,102.27183593489468,[11.0]
2020-03-29,51.86023456180229,0.0,1.1858105188546348,0.0,0.0,0
2020-03-30,52.25151722970843,0.7501432585697689,1.1844503442386474,78.0,98.5176183667627,[6.0]
2020-03-31,52.5892952331744,0.7501432585697689,1.1831972235075736,125.0,103.00866382409978,[7.0]
2020-04-01,52.80709876029491,0.7501432585697689,1.1821874691103176,101.0,104.64664462738742,"[11.0, 12.0]"
2020-04-02,52.91890487254356,0.0,1.1813731182461136,0.0,0.0,0
2020-04-03,53.00897285347271,0.7501432585697689,1.1805564252521534,86.0,108.17560640542166,[12.0]
2020-04-04,53.16911561359622,0.7501432585697689,1.1795459890511557,94.0,109.19237450769648,"[8.0, 7.0]"
2020-04-05,53.430126138421926,0.7501432585697689,1.1782978970942388,81.0,105.26055512282,"[6.0, 10.0, 10.0, 12.0]"
2020-04-06,53.738481235802354,0.7501432585697689,1.176970166598782,47.0,101.21492476378228,"[6.0, 7.0, 10.0]"
2020-04-07,53.995992019617,0.7501432585697689,1.175831237197818,47.0,96.23102758087497,[9.0]
2020-04-08,54.13299994305262,0.7501432585697689,1.1751138197146125,53.0,86.349940150091,[7.0]
2020-04-09,54.16097048199715,0.0,1.1749234371629085,0.0,0.0,0
2020-04-10,54.16234546947071,0.0,1.1752403434902998,0.0,0.0,0
2020-04-11,54.228509579656055,0.7501432585697689,1.1759732789367168,30.0,75.15059837459361,"[6.0, 8.0]"
2020-04-12,54.39311528848111,0.7501432585697689,1.176966589890804,32.0,65.62795299659132,[7.0]
2020-04-13,54.61164781273767,0.7501432585697689,1.1779466353395924,25.0,55.577796216776186,[6.0]
2020-04-14,54.80096273414668,0.0,1.1784968745866555,0.0,0.0,0
2020-04-15,54.90769668568404,0.0,1.1781558919817317,0.0,0.0,0
2020-04-16,54.953426889753466,0.0,1.1766298101115953,0.0,0.0,0
2020-04-17,55.0198101086816,0.0,1.1739664015208098,0.0,0.0,0
2020-04-18,55.18717956374751,0.0,1.1705663450740884,0.0,0.0,0
2020-04-19,55.47114289066557,0.0,1.1670229305965825,0.0,0.0,0
2020-04-20,55.80547819753035,0.0,1.163887074661449,0.0,0.0,0
2020-04-21,56.08492042471267,0.0,1.1615081514323773,0.0,0.0,0
2020-04-22,56.239413810408905,0.0,1.1599662896847316,0.0,0.0,0
2020-04-23,56.28512277413649,0.0,1.1591330602294825,0.0,0.0,0
2020-04-24,56.31039949605944,0.0,1.1588163723783362,0.0,0.0,0
2020-04-25,56.40912696282825,0.0,1.158905589950886,0.0,0.0,0
2020-04-26,56.6100811720933,0.0,1.1594314370091836,0.0,0.0,0
2020-04-27,56.85686897820844,0.0,1.1604510733369595,0.0,0.0,0
2020-04-28,57.05255802055294,0.0,1.1618683549654685,0.0,0.0,0
2020-04-29,57.135740439190485,0.0,1.163333332495374,0.0,0.0,0
2020-04-30,57.12910235644627,0.0,1.1643811682425784,0.0,0.0,0
2020-05-01,57.12131330516653,0.0,1.1646770135446691,0.0,0.0,0
2020-05-02,57.19893615927499,0.0,1.164167704927005,0.0,0.0,0
2020-05-03,57.379381443115705,0.0,1.1630001544337392,0.0,0.0,0
2020-05-04,57.59508982147249,0.0,1.161321437150408,0.0,0.0,0
2020-05-05,57.74028789327174,0.0,1.1591766694756027,0.0,0.0,0
2020-05-06,57.7471699656437,0.0,1.1565761983120286,0.0,0.0,0
2020-05-07,57.63682026091495,0.7501432585697689,1.153622623585956,4.0,47.25891711502548,"[9.0, 10.0, 11.0, 11.0, 11.0]"
2020-05-08,57.50478822801154,0.7501432585697689,1.1505429537331582,12.0,40.33314667534189,[9.0]
2020-05-09,57.45408582832765,0.7501432585697689,1.1476232016695165,18.0,31.64159091982328,"[8.0, 9.0, 9.0, 14.0, 16.0]"
2020-05-10,57.523618591790445,0.8625478802584736,1.1451223524310106,34.0,27.223243257299288,"[7.0, 7.0, 7.0, 7.0, 9.0, 13.0, 13.0, 9.0]"
2020-05-11,57.66493806114481,0.7501432585697689,1.1432236961941131,35.0,19.320542439770826,"[12.0, 14.0, 8.0]"
2020-05-12,57.78399543208177,0.7501432585697689,1.142002955660868,27.0,19.08879602020108,"[7.0, 5.0, 5.0, 8.0]"
2020-05-13,57.817180632634326,0.7501432585697689,1.141392438925014,26.0,22.24746896460449,"[6.0, 14.0]"
2020-05-14,57.78549957223124,0.7501432585697689,1.1411610512071466,29.0,25.50580059397697,"[11.0, 14.0, 18.0]"
2020-05-15,57.78195620378212,0.7501432585697689,1.1409882902398527,27.0,27.434474715824628,"[7.0, 10.0, 11.0, 12.0]"
2020-05-16,57.90414934576331,0.7501432585697689,1.1406035674864508,19.0,28.239344873913705,"[7.0, 7.0, 10.0, 13.0]"
2020-05-17,58.18110383181261,0.7501432585697689,1.1399142002595315,13.0,28.03637738856308,"[5.0, 9.0, 10.0, 14.0]"
2020-05-18,58.54927830852729,0.7501432585697689,1.139033011051075,15.0,26.57183740034572,"[7.0, 11.0, 10.0]"
2020-05-19,58.89620219703546,0.7501432585697689,1.138159539789776,13.0,23.840047333981264,"[6.0, 5.0]"
2020-05-20,59.140212585075446,0.7501432585697689,1.1374195169612078,32.0,20.873230627334685,"[6.0, 12.0, 14.0]"
2020-05-21,59.28854288010536,0.7501432585697689,1.136759821396281,12.0,18.019641376759672,"[9.0, 11.0]"
2020-05-22,59.42666667703162,0.7501432585697689,1.135982063265492,20.0,18.39684776311971,"[6.0, 6.0, 8.0, 8.0, 8.0]"
2020-05-23,59.64921859400639,0.7501432585697689,1.1348927014920174,23.0,18.441170699052293,"[6.0, 7.0, 8.0, 8.0, 6.0]"
2020-05-24,59.98368071074169,0.7501432585697689,1.1334492087486006,25.0,18.750815307043407,[9.0]
2020-05-25,60.36493501170069,0.7501432585697689,1.131795391100096,16.0,19.64642943141428,[9.0]
2020-05-26,60.679886750432175,0.7501432585697689,1.1301649469131645,19.0,20.647199656113248,[7.0]
2020-05-27,60.85034474865112,0.7501432585697689,1.128709075133744,40.0,20.64416735100777,"[6.0, 6.0, 6.0, 10.0, 13.0]"
2020-05-28,60.89154148247805,0.7501432585697689,1.1274161202665027,79.0,20.418897699620867,"[6.0, 15.0]"
2020-05-29,60.89883299276043,0.7501432585697689,1.1261570571486073,58.0,22.79303331363264,"[5.0, 7.0, 7.0, 9.0, 11.0]"
2020-05-30,60.9737747521107,0.7501432585697689,1.1248588676998583,39.0,31.99071192320033,"[6.0, 5.0, 6.0, 6.0, 6.0]"
2020-05-31,61.14422831419858,0.7501432585697689,1.123661269931171,27.0,41.877434758207976,"[8.0, 8.0, 6.0]"
2020-06-01,61.339206041690325,0.7270389687993047,1.1229205943730285,35.0,48.57228995328407,"[9.0, 5.0, 5.0, 6.0, 7.0, 6.0, 8.0]"
2020-06-02,61.43821955019386,0.7501432585697689,1.1230100233395377,38.0,47.17920640240265,"[5.0, 3.0, 6.0, 6.0, 15.0]"
2020-06-03,61.36059720188859,0.7501432585697689,1.124009695988416,49.0,43.47940931765493,"[6.0, 6.0, 7.0, 8.0, 9.0]"
2020-06-04,61.1286245883048,0.7501432585697689,1.125512391004566,39.0,39.59897342914069,"[5.0, 6.0, 6.0, 7.0, 7.0]"
2020-06-05,60.85255302823964,0.7501432585697689,1.1267279880665293,39.0,38.96417623891099,"[5.0, 5.0, 6.0, 2.0, 8.0]"
2020-06-06,60.65047249444696,0.7501432585697689,1.1268931901583272,51.0,39.60952496875496,"[6.0, 7.0, 6.0]"
2020-06-07,60.562567876144406,0.7501432585697689,1.125726065310262,57.0,40.278217715185214,"[8.0, 8.0]"
2020-06-08,60.52432487278014,0.7501432585697689,1.123599775420649,37.0,42.06575938350124,"[5.0, 8.0]"
2020-06-09,60.4176285334331,0.7501432585697689,1.12130290950325,38.0,45.00670215443606,"[7.0, 6.0, 6.0, 6.0, 7.0, 7.0]"
2020-06-10,60.1616839414964,0.7501432585697689,1.1195647081346567,50.0,45.74671815483197,"[7.0, 6.0]"
2020-06-11,59.775869649426944,0.7501432585697689,1.1186963783007815,45.0,44.98186991542066,"[5.0, 13.0]"
2020-06-12,59.36482450415996,0.7501432585697689,1.1185552670323158,56.0,44.86469129840536,"[9.0, 9.0]"
2020-06-13,59.04162300714233,0.7230831634341249,1.1187905196341423,48.0,44.21004756361364,"[5.0, 4.0, 6.0, 6.0, 5.0, 9.0, 11.0, 11.0]"
2020-06-14,58.847408382906416,0.7501432585697689,1.1191332897729347,34.0,46.03283974025547,"[6.0, 7.0, 8.0, 9.0, 13.0, 11.0]"
2020-06-15,58.72696494142364,0.7501432585697689,1.1195312450695345,37.0,47.72554310941177,"[6.0, 6.0, 8.0, 9.0, 12.0]"
2020-06-16,58.57550536376132,0.7501432585697689,1.1200794294411325,34.0,46.748277196198885,"[7.0, 7.0, 8.0, 7.0, 8.0, 9.0]"
2020-06-17,58.3209076438763,0.8345283027886108,1.1208438493093993,43.0,44.42420414002029,"[5.0, 6.0, 8.0, 9.0, 11.0, 10.0, 10.0]"
2020-06-18,57.98061874766153,0.7501432585697689,1.1217394860616094,59.0,41.31736781619139,"[5.0, 6.0, 7.0, 7.0, 7.0]"
2020-06-19,57.648520314071625,0.0,1.1225535823217971,0.0,0.0,0
2020-06-20,57.42609790843872,0.7501432585697689,1.1230772637423654,67.0,39.5251059300433,[5.0]
2020-06-21,57.3489930224502,0.0,1.123257975488096,0.0,0.0,0
2020-06-22,57.36469484682055,0.7501432585697689,1.1232302278769786,17.0,41.61209117983795,[13.0]
2020-06-23,57.37614864027319,0.0,1.1232144572969598,0.0,0.0,0
2020-06-24,57.31854694718898,0.0,1.123350574872113,0.0,0.0,0
2020-06-25,57.21190604928411,0.7501432585697689,1.1235986731689402,28.0,46.99390094895765,"[9.0, 10.0, 11.0]"
2020-06-26,57.14674621325058,0.7501432585697689,1.123773748475127,39.0,46.62942890731936,"[4.0, -2.0, 10.0, 12.0]"
2020-06-27,57.21564467296816,0.7501432585697689,1.123696690531698,51.0,43.09613206827744,"[6.0, 18.0]"
2020-06-28,57.44047471017291,0.7501432585697689,1.1233404901645287,62.0,39.68213532839452,"[6.0, 7.0, 8.0]"
2020-06-29,57.74960825346077,0.7501432585697689,1.1228644941432493,42.0,38.63774540160887,"[5.0, 9.0]"
2020-06-30,58.02227968963194,0.7501432585697689,1.1225108789169305,42.0,42.105212580453326,"[5.0, 6.0, 15.0]"
2020-07-01,58.1692686617271,0.7501432585697689,1.1224353114035317,51.0,45.37477612124432,[7.0]
2020-07-02,58.191347961152665,0.0,1.1226048995279128,0.0,0.0,0
2020-07-03,58.16893670198371,0.7501432585697689,1.122831038166591,61.0,46.70715080152399,"[6.0, 15.0]"
2020-07-04,58.193445999509066,0.0,1.1229200509210349,0.0,0.0,0
2020-07-05,58.29187048924596,0.0,1.122820879487178,0.0,0.0,0
2020-07-06,58.40231555044573,0.7501432585697689,1.122662466817992,48.0,47.474032748478535,[5.0]
2020-07-07,58.41857400580667,0.0,1.122654390583868,0.0,0.0,0
2020-07-08,58.27067441387111,0.7501432585697689,1.122921864928853,62.0,49.16884542002406,"[7.0, 8.0]"
2020-07-09,57.98073797149562,0.7501432585697689,1.1234073646760894,50.0,50.16851675826148,[18.0]
2020-07-10,57.648594640509216,0.7501432585697689,1.1239058435946123,45.0,52.54753544740385,"[6.0, 7.0]"
2020-07-11,57.380771716108725,0.7501432585697689,1.124216181081194,35.0,53.73177734935715,"[8.0, 14.0]"
2020-07-12,57.21589659587006,0.0,1.124288264310565,0.0,0.0,0
2020-07-13,57.10236293759863,0.7501432585697689,1.1242588315920183,62.0,52.74634263278114,[8.0]
2020-07-14,56.94329034858427,0.0,1.1243502147582891,0.0,0.0,0
2020-07-15,56.67476205289123,0.7501432585697689,1.1247035532317755,39.0,49.51428426408336,[6.0]
2020-07-16,56.31890054476444,0.7501432585697689,1.1252789447212104,61.0,48.910621169115934,[9.0]
2020-07-17,55.96931147633396,0.7501432585697689,1.1258894923607203,60.0,47.554127421882455,[10.0]
2020-07-18,55.72294116106933,0.7501432585697689,1.1263517505281344,39.0,48.68265171532959,"[7.0, 10.0]"
2020-07-19,55.60901531623279,0.0,1.1266318319219697,0.0,0.0,0
2020-07-20,55.568174690881335,0.7501432585697689,1.126880218578732,26.0,51.57704375155592,"[8.0, 9.0, 15.0]"
2020-07-21,55.49638210582791,0.0,1.12732942464497,0.0,0.0,0
2020-07-22,55.32139422247841,0.7501432585697689,1.1281261577244095,63.0,51.51731614976615,[13.0]
2020-07-23,55.05541960634911,0.7501432585697689,1.129230493611348,59.0,47.67101943571559,[6.0]
2020-07-24,54.782034621945655,0.7501432585697689,1.1304489613755917,41.0,46.91293215124679,[6.0]
2020-07-25,54.590164867589394,0.7501432585697689,1.131583878016311,113.0,48.16880892114138,"[7.0, 9.0]"
2020-07-26,54.50447270441732,0.0,1.1325780866602817,0.0,0.0,0
2020-07-27,54.46478603338553,0.7501432585697689,1.1335483173073433,25.0,48.4342138656348,[6.0]
2020-07-28,54.369449636005385,0.0,1.1346818853824618,0.0,0.0,0
2020-07-29,54.15080964032953,0.7501432585697689,1.1360692026205856,48.0,57.841786168236105,"[5.0, 9.0]"
2020-07-30,53.82683081379795,0.0,1.1376053831802733,0.0,0.0,0
2020-07-31,53.48754360008729,0.7501432585697689,1.1390282161755072,36.0,59.83817530180493,"[6.0, 11.0, 15.0, 16.0, 16.0]"
2020-08-01,53.22955989984547,0.7501432585697689,1.1400746003887317,31.0,57.87464789153968,[15.0]
2020-08-02,53.08769177655121,0.7501432585697689,1.1406336964883137,30.0,53.64683121865171,"[6.0, 14.0]"
2020-08-03,53.01493599445334,0.7501432585697689,1.1407885853721045,23.0,46.66912410228894,"[6.0, 12.0, 12.0]"
2020-08-04,52.92427525964426,0.7501432585697689,1.1407245296241513,34.0,40.292397259189634,"[8.0, 11.0, 12.0]"
2020-08-05,52.76110938835509,0.7501432585697689,1.1405592970347027,33.0,35.10169018400536,"[9.0, 10.0]"
2020-08-06,52.55135573985557,0.7634165576850518,1.140268904984007,43.0,32.231181037144566,"[6.0, 5.0, 6.0, 7.0, 6.0, 8.0, 9.0, 9.0]"
2020-08-07,52.38704032585907,0.7501432585697689,1.1397276833827146,20.0,31.244460116859884,[7.0]
2020-08-08,52.360764035443296,0.7501432585697689,1.1389009916741633,43.0,32.68270737916986,"[6.0, 10.0, 7.0, 8.0]"
2020-08-09,52.496851109112974,0.7501432585697689,1.138013068186577,36.0,32.34829297218638,"[6.0, 6.0, 7.0, 8.0]"
2020-08-10,52.72901015172004,0.7881114701861622,1.1375728799091425,28.0,33.482446270259004,"[8.0, 6.0, 6.0, 6.0, 6.0, 9.0, 13.0]"
2020-08-11,52.941156633142064,0.7327597699483022,1.1381826225975908,34.0,34.30984366860944,"[5.0, 6.0, 5.0, 5.0, 5.0, 7.0, 8.0, 8.0, 8.0, 8.0, 8.0]"
2020-08-12,53.04357134967416,0.7903690434008085,1.1401945206351751,54.0,33.87568493177335,"[5.0, 6.0, 7.0, 7.0, 7.0, 7.0, 7.0, 7.0, 11.0, 11.0]"
2020-08-13,53.0312185720542,0.7875014065921186,1.143412478568189,56.0,32.953592259410904,"[6.0, 6.0, 6.0, 6.0, 6.0, 10.0, 10.0, 11.0]"
2020-08-14,52.97624743177811,0.7501432585697689,1.1470540710682813,103.0,36.21733171663598,"[6.0, 7.0, 3.0, 7.0, 10.0]"
2020-08-15,52.961776024095,0.7501432585697689,1.150069249794231,166.0,40.58580478839219,"[5.0, 6.0, 7.0, 8.0]"
2020-08-16,53.00299253745073,0.7501432585697689,1.1516762521346668,279.0,51.98072303059006,"[3.0, 7.0, 6.0, 6.0, 7.0, 9.0]"
2020-08-17,53.01317042037227,0.8237098928630313,1.1518079649193405,197.0,71.46439179488668,"[5.0, 6.0, 7.0, 8.0, 10.0, 11.0, 12.0]"
2020-08-18,52.84046030661544,0.764046298783313,1.1511807184796743,246.0,115.76674803832982,"[5.0, 6.0, 5.0, 5.0, 5.0, 5.0, 7.0, 6.0, 7.0, 8.0, 7.0, 8.0, 8.0, 9.0, 8.0, 8.0, 12.0, 13.0]"
2020-08-19,52.354742629692346,0.7552003334821678,1.1509220046907778,297.0,155.05606039371304,"[5.0, 5.0, 5.0, 7.0, 6.0, 7.0, 7.0, 8.0, 7.0, 8.0, 7.0, 16.0]"
2020-08-20,51.52914400459684,0.8270013473099483,1.151990424564335,288.0,177.73199786478938,"[6.0, 6.0, 7.0, 8.0, 8.0, 9.0, 9.0, 10.0]"
2020-08-21,50.459133985934194,0.7331544172900798,1.154727929185806,324.0,213.8764930482768,"[5.0, 5.0, 8.0, 8.0, 6.0, 2.0, 8.0, 8.0, 8.0, 8.0, 28.0]"
2020-08-22,49.31069027281728,0.6904991598638275,1.1587891854439996,332.0,251.36012694222688,"[5.0, 5.0, 5.0, 6.0, 5.0, 5.0, 6.0, 7.0, 7.0, 8.0, 7.0, 7.0]"
2020-08-23,48.23730357576735,0.5916514041206297,1.1634171771979804,397.0,275.4128522142307,"[5.0, 5.0, 0.0, 6.0, 6.0, 5.0, 6.0, 6.0, 6.0, 6.0]"
2020-08-24,47.324057109022384,0.7071544618462807,1.1678424142520951,266.0,294.7232044070677,"[5.0, 5.0, 6.0, 5.0, 6.0, 6.0, 8.0, 7.0, 9.0]"
2020-08-25,46.58703933175651,0.7501432585697689,1.171557249686952,280.0,314.1150882541503,"[4.0, 6.0, 17.0]"
2020-08-26,46.01395588725157,0.7501432585697689,1.1743543280886082,320.0,322.23412823126233,"[5.0, 6.0, 11.0, 17.0]"
2020-08-27,45.6076949628394,0.7501432585697689,1.1762123604536716,441.0,318.07164595480725,"[7.0, 21.0]"
2020-08-28,45.39604344708958,0.7501432585697689,1.177183164747366,371.0,313.5531034668992,"[10.0, 13.0, 15.0]"
2020-08-29,45.40449459235335,0.7501432585697689,1.1773586744906284,323.0,326.2618949247736,"[4.0, 8.0, 14.0, 14.0]"
2020-08-30,45.6161163426117,0.7501432585697689,1.176922529786238,299.0,342.895423574332,[6.0]
2020-08-31,45.95814523586964,0.7501432585697689,1.176137365723141,248.0,352.20958448041097,"[6.0, 6.0, 9.0, 10.0, 11.0, 13.0]"
2020-09-01,46.33217151883967,0.907447706895089,1.175267050263934,235.0,342.7196572975064,"[8.0, 8.0, 6.0, 8.0, 10.0, 10.0, 13.0, 13.0, 12.0, 12.0, 13.0]"
2020-09-02,46.67056820565063,0.7501432585697689,1.1744369232689966,267.0,329.80782878120874,"[6.0, 8.0, 10.0, 9.0]"
2020-09-03,46.97660808018993,0.7501432585697689,1.173566452219,195.0,301.9207685171862,"[7.0, 9.0, 11.0, 14.0]"
2020-09-04,47.31284657273814,0.8284028155633397,1.172433695868475,198.0,288.83340253269125,"[5.0, 8.0, 6.0, 7.0, 9.0, 10.0, 9.0, 14.0]"
2020-09-05,47.744772698410365,0.8042724912308684,1.170854711390974,168.0,264.5886588887263,"[5.0, 6.0, 7.0, 8.0, 8.0, 10.0, 10.0]"
2020-09-06,48.28091318542515,0.7501432585697689,1.1688426602338124,167.0,239.9779892601657,"[7.0, 8.0]"
2020-09-07,48.85429921132324,0.7501432585697689,1.1666380253144826,119.0,220.6660388017076,"[8.0, 7.0, 12.0]"
2020-09-08,49.36263172578627,0.7501432585697689,1.1645781409003888,136.0,202.06702225615567,"[6.0, 6.0, 6.0]"
2020-09-09,49.74001213515153,0.7501432585697689,1.1628932147808475,156.0,180.9607983395472,"[6.0, 6.0, 7.0, 10.0]"
2020-09-10,50.00749892095715,0.7501432585697689,1.161580708672484,155.0,163.32006721915354,"[5.0, 8.0, 8.0, 14.0, 19.0]"
2020-09-11,50.26084897515496,0.8817797511926454,1.160437143416975,176.0,160.5918587792798,"[6.0, 8.0, 9.0, 8.0, 9.0, 9.0, 9.0, 9.0, 11.0, 12.0]"
2020-09-12,50.606108099967074,0.804093738281588,1.1592242378666222,136.0,151.58652370112046,"[5.0, 6.0, 6.0, 7.0, 7.0, 7.0, 8.0, 10.0, 10.0, 18.0]"
2020-09-13,51.089531213727575,0.7746521772404814,1.1578358796485175,121.0,154.13299409672072,"[5.0, 5.0, 6.0, 7.0, 8.0, 11.0, 13.0]"
2020-09-14,51.672611901024375,0.7501432585697689,1.1563468445291625,109.0,153.80626501650065,"[8.0, 8.0, 11.0, 13.0, 14.0, 16.0]"
2020-09-15,52.26840672321789,0.8722096464554112,1.1549149373185164,106.0,149.93968285403335,"[10.0, 12.0, 5.0, 6.0, 10.0, 10.0, 11.0, 16.0]"
2020-09-16,52.81175742618186,0.7501432585697689,1.1536139337647373,113.0,140.63995892112544,"[6.0, 5.0, 8.0, 8.0, 9.0, 12.0]"
2020-09-17,53.31103811603804,0.7540389582643807,1.152338434497434,153.0,129.6884403178923,"[6.0, 4.0, 5.0, 6.0, 7.0, 9.0, 12.0, 13.0]"
2020-09-18,53.839144829613,0.81605790673853,1.1508537220171515,126.0,123.779457998107,"[6.0, 4.0, 6.0, 7.0, 8.0, 11.0, 12.0, 12.0, 27.0]"
2020-09-19,54.4709259023961,0.8097773354837339,1.14896482328896,110.0,122.55659712686445,"[5.0, 6.0, 7.0, 7.0, 9.0, 11.0, 12.0]"
2020-09-20,55.215024338876425,0.796640848332946,1.1466813814821435,82.0,124.62390229876902,"[5.0, 6.0, 6.0, 7.0, 9.0, 10.0, 15.0]"
2020-09-21,55.99209372394303,0.7501432585697689,1.1442520870927817,70.0,124.34397226339358,"[8.0, 5.0, 7.0, 7.0]"
2020-09-22,56.68232715684485,0.6770249578299244,1.1420330040173088,61.0,118.0442265298058,"[4.0, 6.0, 6.0, 5.0, 6.0, 7.0, 8.0]"
2020-09-23,57.20940338781065,0.7501432585697689,1.1402960286251564,110.0,107.33251529097222,"[7.0, 8.0, 11.0, 11.0, 11.0]"
2020-09-24,57.600729457578105,0.7181159569166327,1.139112976941774,125.0,92.17902446208686,"[5.0, 5.0, 5.0, 10.0, 7.0, 7.0, 7.0]"
2020-09-25,57.972637393613645,0.7501432585697689,1.13841560815556,114.0,87.45878603509766,"[5.0, 6.0, 20.0]"
2020-09-26,58.45151689094543,0.7501432585697689,1.1382038349403336,61.0,91.00971516841396,"[5.0, 9.0, 13.0]"
2020-09-27,59.08636761137653,0.7501432585697689,1.1387690221044726,95.0,98.23476271001748,[12.0]
2020-09-28,60.140890233646736,0.7501432585697689,1.1428255592453815,50.0,98.61343484328567,[8.0]
2020-09-29,60.970602150705055,0.7501432585697689,1.1563267106321846,38.0,96.97265153836192,"[7.0, 7.0, 8.0, 8.0, 9.0]"
2020-09-30,60.56769366192714,0.7501432585697689,1.1766896751378608,113.0,88.36316304596451,"[5.0, 5.0, 8.0, 25.0]"
2020-10-01,59.353298078596005,0.7501432585697689,1.1927130700642397,77.0,75.13230179789078,"[5.0, 5.0, 6.0, 7.0, 8.0, 15.0]"
2020-10-02,58.35004421153252,0.7501432585697689,1.1942283687911244,63.0,72.90755086303146,"[5.0, 5.0, 6.0]"
2020-10-03,58.58899751089525,0.7501432585697689,1.1792031032765349,75.0,73.9030373451276,"[8.0, 5.0, 4.0, 6.0, 11.0, 13.0]"
2020-10-04,60.39789566918349,0.7501432585697689,1.155175232886228,64.0,73.83666674156072,"[7.0, 7.0, 8.0, 10.0, 11.0]"
2020-10-05,62.84160027951817,0.7501432585697689,1.1345665454055835,73.0,74.94202112232571,"[6.0, 5.0, 7.0, 7.0, 9.0, 11.0]"
2020-10-06,64.44664864810709,0.7814739392713597,1.1252473379134829,75.0,73.95839957534136,"[3.0, 6.0, 6.0, 7.0, 9.0, 10.0, 15.0, 17.0]"
2020-10-07,64.51385836787445,0.8263158405359252,1.1280213733392652,114.0,71.55490242923305,"[14.0, 5.0, 5.0, 7.0, 9.0, 9.0, 9.0, 15.0]"
2020-10-08,63.40109272254495,0.8283152748056799,1.1377310054617245,69.0,72.7095016113235,"[6.0, 6.0, 8.0, 8.0, 8.0, 8.0, 19.0]"
2020-10-09,62.18333241962831,0.7724971177145319,1.1434453013027996,54.0,76.8624047777943,"[5.0, 6.0, 6.0, 7.0, 7.0, 7.0, 8.0, 35.0]"
2020-10-10,62.01309442527271,0.6918092699442504,1.137638632152833,72.0,81.1988227216923,"[6.0, 7.0, 5.0, 5.0, 6.0, 6.0, 6.0, 6.0, 6.0, 6.0, 7.0]"
2020-10-11,63.11116263748209,0.6947079422204654,1.1253330768183138,58.0,79.40517766443077,"[4.0, 5.0, 6.0, 6.0, 6.0, 6.0, 7.0, 6.0, 6.0, 6.0, 12.0]"
2020-10-12,64.15113059279368,0.6869035259073606,1.1174727870011985,97.0,76.33755237093445,"[6.0, 5.0, 5.0, 6.0, 5.0, 6.0, 14.0]"
2020-10-13,64.56963481346811,0.7501432585697689,1.114271137782176,102.0,70.80784866509147,"[5.0, 6.0, 6.0, 11.0, 16.0]"
2020-10-14,64.66334596341714,0.7501432585697689,1.1125009667120214,73.0,71.13012219134181,"[7.0, 6.0, 6.0, 5.0, 7.0]"
2020-10-15,64.5014562924933,0.7501432585697689,1.1117118659712113,110.0,77.0685960739494,"[5.0, 5.0, 11.0, 17.0]"
2020-10-16,64.24642296512155,0.7501432585697689,1.1113871827254478,47.0,80.83552429934133,"[7.0, 7.0, 9.0, 8.0, 8.0, 10.0]"
2020-10-17,64.05533212636486,0.7501432585697689,1.1111336982871292,73.0,86.84703753349982,"[14.0, 6.0, 9.0, 9.0]"
2020-10-18,63.99212259627638,0.7501432585697689,1.1107945595447395,91.0,84.84729367835827,"[6.0, 8.0, 9.0, 11.0, 12.0]"
2020-10-19,64.0064568533459,0.8115805608187786,1.110450186119954,76.0,80.54287338262164,"[5.0, 6.0, 7.0, 7.0, 7.0, 8.0, 10.0, 11.0, 10.0]"
2020-10-20,63.98797899702861,0.8154123187859172,1.1102815070300405,58.0,79.83323237334051,"[7.0, 6.0, 8.0, 6.0, 6.0, 7.0, 7.0, 7.0, 7.0, 7.0, 8.0, 8.0, 9.0, 9.0, 9.0, 13.0]"
2020-10-21,63.858530977821374,0.7828310020601836,1.1103917824907787,89.0,77.25464140247176,"[5.0, 5.0, 5.0, 5.0, 7.0, 7.0, 7.0, 10.0, 10.0, 11.0, 11.0, 11.0]"
2020-10-22,63.634624187232745,0.8001801000908212,1.1107072106716178,121.0,75.99752473492143,"[8.0, 9.0, 4.0, 6.0, 5.0, 6.0, 8.0, 9.0, 9.0, 9.0, 10.0, 12.0]"
2020-10-23,63.41445102005213,0.7913689154251946,1.1110068498344927,155.0,75.9993565717794,"[7.0, 8.0, 10.0, 5.0, 5.0, 6.0, 6.0, 6.0, 6.0, 6.0, 7.0, 8.0, 15.0, 10.0, 9.0, 8.0, 10.0]"
2020-10-24,63.30120270936208,0.7965814656456858,1.111076461911764,77.0,81.61219324662696,"[5.0, 5.0, 6.0, 6.0, 6.0, 6.0, 7.0, 7.0, 8.0, 7.0, 8.0, 7.0, 8.0, 8.0, 8.0, 8.0, 11.0, 14.0, 16.0]"
2020-10-25,63.322883386361305,0.7145679280299473,1.11085433874057,61.0,97.73756307445468,"[5.0, 5.0, 6.0, 7.0, 7.0, 7.0, 7.0]"
2020-10-26,63.407046835536384,0.7338348568449902,1.1104685557564833,119.0,104.61364206437216,"[6.0, 5.0, 5.0, 6.0, 7.0, 5.0, 5.0, 5.0, 5.0, 6.0, 6.0, 7.0, 6.0, 6.0, 6.0, 8.0, 8.0, 9.0, 9.0, 18.0, 18.0]"
2020-10-27,63.43017848378155,0.7084112799038915,1.1101350745763552,88.0,103.48052524127776,"[7.0, 5.0, 6.0, 6.0, 6.0, 6.0, 6.0, 6.0, 5.0, 6.0, 5.0, 6.0, 8.0, 12.0]"
2020-10-28,63.30549741407681,0.7435157087581235,1.109990136253058,103.0,99.69494794372214,"[5.0, 6.0, 6.0, 7.0, 5.0, 5.0, 8.0, 10.0, 18.0]"
2020-10-29,63.04441621331487,0.8061093676294029,1.1099895168409737,125.0,97.0201100009239,"[6.0, 6.0, 7.0, 5.0, 5.0, 7.0, 8.0, 8.0, 8.0, 9.0, 9.0, 9.0, 11.0, 11.0]"
2020-10-30,62.74242458892578,0.7672151589461993,1.109942042560614,113.0,94.11535090337628,"[6.0, 5.0, 6.0, 6.0, 6.0, 5.0, 6.0, 7.0, 6.0, 7.0, 7.0, 10.0, 10.0, 11.0, 39.0]"
2020-10-31,62.50331178889418,0.8189598809594483,1.1096601261398389,127.0,101.19801814553544,"[5.0, 5.0, 12.0, 6.0, 6.0, 8.0, 11.0, 8.0, 8.0, 8.0, 9.0, 9.0, 12.0]"
2020-11-01,62.358606638630455,0.7241004761735887,1.1091066372553808,124.0,105.1514463363082,"[7.0, 6.0, 4.0, 5.0, 5.0, 5.0, 6.0, 6.0, 7.0, 7.0, 7.0, 8.0, 8.0, 8.0, 9.0]"
2020-11-02,62.24323335686643,0.8209782339044782,1.10843108298826,97.0,110.16212959100288,"[5.0, 6.0, 6.0, 7.0, 7.0, 7.0, 7.0, 8.0, 8.0, 7.0, 9.0, 9.0, 11.0, 12.0, 14.0]"
2020-11-03,62.04450425353348,0.7338437542794976,1.1078691574369055,75.0,116.12904669080268,"[4.0, 5.0, 4.0, 5.0, 4.0, 10.0, 5.0, 6.0, 6.0, 6.0, 6.0, 6.0, 7.0, 7.0, 7.0, 7.0, 8.0, 8.0, 7.0, 9.0, 10.0, 13.0, 16.0]"
2020-11-04,61.687546583934655,0.7989697692209317,1.107577218759852,117.0,115.5163077180405,"[5.0, 5.0, 6.0, 6.0, 6.0, 7.0, 7.0, 7.0, 9.0, 10.0, 12.0, 15.0, 34.0]"
2020-11-05,61.19284985667016,0.8596339666791681,1.107534047779381,125.0,109.55553887639756,"[9.0, 6.0, 6.0, 6.0, 7.0, 7.0, 7.0, 8.0, 8.0, 10.0, 13.0, 12.0, 14.0, 16.0, 16.0]"
2020-11-06,60.65926654791328,0.8277126727378206,1.1075764765264955,145.0,106.20511522711888,"[3.0, 5.0, 6.0, 7.0, 8.0, 8.0, 10.0, 10.0, 10.0, 12.0, 15.0, 16.0, 30.0]"
2020-11-07,60.18851696557664,0.9107878433411438,1.1075507386381267,89.0,108.29590341240558,"[7.0, 8.0, 10.0, 9.0, 10.0, 10.0, 12.0, 15.0]"
2020-11-08,59.80777088136361,0.8326649173534828,1.1074580639278455,143.0,112.55763821644824,"[7.0, 5.0, 5.0, 6.0, 6.0, 7.0, 7.0, 9.0, 11.0, 12.0, 12.0, 14.0, 14.0, 25.0]"
2020-11-09,59.448703632495445,0.8832280944391099,1.107487051555824,126.0,113.88833178172632,"[5.0, 6.0, 7.0, 8.0, 8.0, 8.0, 8.0, 8.0, 11.0, 11.0, 12.0, 9.0, 11.0, 11.0, 12.0, 12.0, 12.0, 25.0]"
2020-11-10,58.99773632042323,0.7881026590948343,1.1079069967695934,100.0,118.57975164973053,"[5.0, 5.0, 5.0, 5.0, 6.0, 5.0, 6.0, 6.0, 7.0, 7.0, 7.0, 8.0, 9.0, 8.0, 9.0, 9.0, 11.0, 10.0, 13.0, 12.0, 13.0]"
2020-11-11,58.38026549411726,0.7895737613557202,1.1088945456422958,145.0,121.12365203948109,"[4.0, 5.0, 5.0, 5.0, 6.0, 6.0, 7.0, 8.0, 8.0, 8.0, 8.0, 11.0, 12.0, 15.0, 13.0, 19.0]"
2020-11-12,57.6164508885154,0.7823218604382186,1.110427576314626,143.0,119.67531685318797,"[5.0, 4.0, 5.0, 5.0, 5.0, 5.0, 6.0, 6.0, 6.0, 6.0, 6.0, 6.0, 6.0, 6.0, 7.0, 6.0, 5.0, 7.0, 7.0, 9.0, 10.0, 9.0, 9.0, 9.0, 10.0, 9.0, 11.0, 11.0, 11.0, 11.0, 12.0, 13.0, 13.0, 13.0]"
2020-11-13,56.80460210711486,0.8255833245417848,1.112314918158806,191.0,122.73015700199063,"[8.0, 5.0, 5.0, 5.0, 5.0, 7.0, 7.0, 7.0, 7.0, 7.0, 8.0, 7.0, 9.0, 7.0, 8.0, 7.0, 8.0, 8.0, 9.0, 8.0, 9.0, 9.0, 10.0, 11.0, 11.0, 13.0, 15.0, 34.0]"
2020-11-14,56.04907650334267,0.7940899540516073,1.1143457000560022,205.0,126.1438392036322,"[4.0, 6.0, 5.0, 5.0, 6.0, 6.0, 6.0, 6.0, 7.0, 7.0, 7.0, 9.0, 6.0, 7.0, 7.0, 7.0, 9.0, 7.0, 7.0, 7.0, 7.0, 7.0, 7.0, 8.0, 6.0, 8.0, 7.0, 8.0, 11.0, 8.0, 9.0, 8.0, 8.0, 9.0, 11.0, 11.0, 11.0, 11.0]"
2020-11-15,55.38749148956639,0.7671882191348087,1.1164380073285516,208.0,137.463340660627,"[6.0, 6.0, 5.0, 4.0, 6.0, 5.0, 5.0, 6.0, 6.0, 6.0, 6.0, 8.0, 9.0, 6.0, 6.0, 6.0, 6.0, 6.0, 6.0, 8.0, 8.0, 6.0, 7.0, 7.0, 7.0, 7.0, 7.0, 7.0, 7.0, 8.0, 8.0, 8.0, 9.0, 8.0, 9.0, 9.0, 12.0, 12.0, 15.0]"
2020-11-16,54.77153839807848,0.7619785821002675,1.1186792759970705,222.0,154.0992813910489,"[6.0, 18.0, 7.0, 4.0, 5.0, 5.0, 5.0, 10.0, 5.0, 5.0, 12.0, 6.0, 6.0, 6.0, 6.0, 6.0, 9.0, 6.0, 6.0, 6.0, 6.0, 6.0, 7.0, 7.0, 6.0, 6.0, 5.0, 6.0, 6.0, 7.0, 6.0, 6.0, 7.0, 8.0, 9.0, 9.0, 9.0, 9.0, 10.0, 5.0, 11.0, 12.0, 12.0, 14.0, 15.0]"
2020-11-17,54.112805789139806,0.7479838385106424,1.1212312114043277,230.0,172.84526321788172,"[8.0, 6.0, 4.0, 7.0, 5.0, 5.0, 5.0, 5.0, 6.0, 5.0, 7.0, 5.0, 5.0, 5.0, 6.0, 6.0, 6.0, 5.0, 6.0, 6.0, 6.0, 6.0, 6.0, 7.0, 6.0, 7.0, 6.0, 6.0, 7.0, 7.0, 7.0, 8.0, 7.0, 8.0, 8.0, 9.0, 9.0, 9.0, 10.0, 13.0, 12.0, 12.0, 13.0, 18.0]"
2020-11-18,53.357463802753166,0.7895349781832256,1.1241693305027234,285.0,186.776713000772,"[7.0, 6.0, 6.0, 7.0, 5.0, 5.0, 5.0, 6.0, 6.0, 6.0, 5.0, 6.0, 6.0, 6.0, 6.0, 6.0, 6.0, 6.0, 6.0, 6.0, 7.0, 7.0, 7.0, 7.0, 7.0, 7.0, 7.0, 8.0, 9.0, 8.0, 10.0, 9.0, 9.0, 9.0, 11.0, 11.0, 14.0, 12.0, 12.0, 12.0, 16.0, 18.0]"
2020-11-19,52.53337180017573,0.8330276448390307,1.12738844750501,325.0,196.5429233040964,"[13.0, 6.0, 5.0, 9.0, 5.0, 5.0, 5.0, 6.0, 5.0, 5.0, 6.0, 7.0, 8.0, 7.0, 8.0, 10.0, 10.0, 10.0, 10.0, 13.0, 11.0, 11.0, 11.0, 12.0, 13.0, 13.0, 14.0, 15.0, 19.0]"
2020-11-20,51.732370077481846,0.7514070373631263,1.1306408704580089,348.0,220.17253871195604,"[5.0, 5.0, 5.0, 5.0, 4.0, 5.0, 5.0, 5.0, 6.0, 5.0, 5.0, 6.0, 5.0, 5.0, 6.0, 6.0, 7.0, 6.0, 7.0, 6.0, 7.0, 7.0, 8.0, 8.0, 7.0, 7.0, 8.0, 9.0, 9.0, 10.0, 10.0, 10.0, 10.0, 11.0, 10.0, 11.0, 11.0, 16.0]"
2020-11-21,51.04487204860828,0.7797994286714347,1.1336888736134736,386.0,243.49242155800164,"[6.0, 12.0, 5.0, 4.0, 5.0, 6.0, 6.0, 5.0, 5.0, 5.0, 5.0, 5.0, 6.0, 6.0, 6.0, 6.0, 6.0, 7.0, 6.0, 6.0, 6.0, 7.0, 7.0, 8.0, 7.0, 7.0, 7.0, 7.0, 8.0, 7.0, 7.0, 8.0, 8.0, 7.0, 9.0, 10.0, 8.0, 8.0, 8.0, 9.0, 9.0, 9.0, 12.0, 10.0, 11.0, 11.0, 11.0, 15.0, 15.0]"
2020-11-22,50.4961194271329,0.7295620762998503,1.1364530310081526,330.0,275.73009624868774,"[5.0, 6.0, 6.0, 11.0, 7.0, 4.0, 4.0, 4.0, 4.0, 4.0, 5.0, 5.0, 6.0, 5.0, 5.0, 5.0, 6.0, 6.0, 6.0, 6.0, 6.0, 6.0, 6.0, 6.0, 6.0, 7.0, 7.0, 7.0, 8.0, 7.0, 7.0, 7.0, 7.0, 8.0, 8.0, 9.0, 9.0, 10.0, 9.0, 10.0, 9.0, 10.0, 12.0, 11.0]"
2020-11-23,50.03140012029456,0.7580855551863721,1.1390494553908792,271.0,304.82961116746714,"[10.0, 5.0, 5.0, 4.0, 6.0, 4.0, 5.0, 5.0, 5.0, 5.0, 5.0, 5.0, 5.0, 6.0, 6.0, 5.0, 8.0, 8.0, 5.0, 6.0, 6.0, 6.0, 6.0, 6.0, 6.0, 6.0, 5.0, 6.0, 6.0, 8.0, 6.0, 6.0, 7.0, 7.0, 8.0, 7.0, 7.0, 7.0, 8.0, 8.0, 7.0, 8.0, 9.0, 7.0, 7.0, 7.0, 8.0, 8.0, 8.0, 9.0, 8.0, 8.0, 8.0, 10.0, 17.0, 11.0, 12.0, 13.0, 16.0, 16.0, 16.0]"
2020-11-24,49.56003527854375,0.7862045344394717,1.1416916919510778,349.0,323.53871873781475,"[5.0, 12.0, 9.0, 6.0, 16.0, 12.0, 7.0, 8.0, 5.0, 6.0, 6.0, 4.0, 5.0, 5.0, 5.0, 5.0, 6.0, 5.0, 6.0, 6.0, 6.0, 6.0, 6.0, 6.0, 6.0, 6.0, 6.0, 7.0, 7.0, 6.0, 6.0, 7.0, 7.0, 6.0, 7.0, 8.0, 7.0, 7.0, 7.0, 8.0, 7.0, 7.0, 9.0, 8.0, 7.0, 7.0, 8.0, 7.0, 8.0, 8.0, 9.0, 8.0, 9.0, 10.0, 10.0, 10.0, 10.0, 10.0, 35.0, 12.0, 11.0, 15.0, 14.0]"
2020-11-25,49.025622297529,0.782008902115815,1.1445285503822549,382.0,327.50542852953373,"[8.0, 8.0, 9.0, 8.0, 9.0, 5.0, 5.0, 5.0, 6.0, 6.0, 5.0, 5.0, 5.0, 6.0, 6.0, 6.0, 5.0, 6.0, 11.0, 6.0, 6.0, 6.0, 6.0, 6.0, 7.0, 6.0, 7.0, 6.0, 6.0, 7.0, 7.0, 8.0, 7.0, 7.0, 8.0, 7.0, 7.0, 8.0, 8.0, 8.0, 9.0, 9.0, 9.0, 9.0, 9.0, 9.0, 11.0, 12.0, 11.0, 11.0, 15.0]"
2020-11-26,48.45083756780348,0.7668687121000117,1.1475473797708289,581.0,327.8381599196937,"[7.0, 7.0, 5.0, -2.0, 7.0, 5.0, 5.0, 5.0, 6.0, 5.0, 7.0, 7.0, 7.0, 6.0, 6.0, 5.0, 5.0, 6.0, 5.0, 6.0, 6.0, 6.0, 7.0, 7.0, 7.0, 6.0, 6.0, 6.0, 6.0, 6.0, 7.0, 8.0, 8.0, 8.0, 8.0, 10.0, 9.0, 9.0, 10.0, 9.0, 9.0, 9.0, 11.0, 10.0, 11.0, 12.0, 12.0, 13.0, 13.0, 16.0]"
2020-11-27,47.92116238827353,0.8103741628205935,1.1506041377331926,555.0,332.368371178131,"[5.0, 6.0, 6.0, 5.0, 8.0, 6.0, 7.0, 6.0, 7.0, 5.0, 4.0, 5.0, 5.0, 5.0, 5.0, 6.0, 5.0, 8.0, 6.0, 6.0, 6.0, 6.0, 6.0, 6.0, 6.0, 6.0, 7.0, 7.0, 7.0, 7.0, 7.0, 7.0, 7.0, 7.0, 8.0, 8.0, 7.0, 7.0, 8.0, 8.0, 8.0, 8.0, 8.0, 8.0, 8.0, 7.0, 27.0, 27.0, 27.0, 27.0, 27.0, 27.0, 27.0, 27.0, 27.0, 27.0, 27.0, 9.0, 9.0, 9.0, 10.0, 9.0, 10.0, 11.0, 11.0, 12.0, 12.0, 13.0, 14.0]"
2020-11-28,47.52189670533711,0.7775815033468534,1.1535581342484391,503.0,369.0259884903737,"[5.0, 7.0, 7.0, 8.0, 5.0, 5.0, 7.0, 10.0, 7.0, 5.0, 6.0, 6.0, 4.0, 5.0, 5.0, 6.0, 6.0, 6.0, 5.0, 5.0, 6.0, 6.0, 6.0, 6.0, 6.0, 6.0, 6.0, 7.0, 6.0, 6.0, 7.0, 7.0, 7.0, 8.0, 8.0, 9.0, 8.0, 8.0, 9.0, 9.0, 9.0, 10.0, 12.0, 12.0, 13.0, 15.0, 14.0, 15.0, 14.0, 14.0, 16.0]"
2020-11-29,47.273899911357645,0.7835784705543178,1.1563931919352328,450.0,419.8142966155332,"[4.0, 6.0, 9.0, 11.0, 6.0, 5.0, 6.0, 5.0, 4.0, 5.0, 5.0, 8.0, 5.0, 5.0, 6.0, 6.0, 6.0, 5.0, 5.0, 6.0, 6.0, 6.0, 6.0, 12.0, 25.0, 17.0, 7.0, 7.0, 7.0, 8.0, 7.0, 7.0, 8.0, 8.0, 8.0, 8.0, 8.0, 8.0, 9.0, 9.0, 9.0, 11.0, 10.0, 10.0, 11.0, 12.0, 13.0, 14.0, 15.0]"
2020-11-30,47.11464602690795,0.8010331653108841,1.1592306884133774,438.0,458.37544753659216,"[8.0, 5.0, 6.0, 8.0, 6.0, 5.0, 5.0, 6.0, 5.0, 5.0, 5.0, 24.0, 5.0, 5.0, 16.0, 6.0, 6.0, 5.0, 7.0, 7.0, 6.0, 5.0, 7.0, 6.0, 6.0, 6.0, 6.0, 6.0, 6.0, 6.0, 7.0, 7.0, 9.0, 12.0, 8.0, 8.0, 8.0, 7.0, 7.0, 8.0, 7.0, 8.0, 9.0, 9.0, 10.0, 10.0, 9.0, 9.0, 11.0, 11.0, 12.0, 11.0, 11.0, 12.0, 12.0, 12.0, 17.0, 16.0, 18.0, 18.0]"
2020-12-01,46.93778320674488,0.81220545662608,1.1622245767544093,451.0,477.27161294984336,"[6.0, 7.0, 8.0, 9.0, 5.0, 5.0, 5.0, 23.0, 23.0, 23.0, 23.0, 23.0, 23.0, 28.0, 5.0, 5.0, 7.0, 5.0, 5.0, 5.0, 5.0, 6.0, 5.0, 13.0, 6.0, 6.0, 6.0, 6.0, 6.0, 6.0, 6.0, 6.0, 6.0, 7.0, 6.0, 7.0, 6.0, 7.0, 7.0, 6.0, 7.0, 7.0, 7.0, 7.0, 8.0, 8.0, 8.0, 8.0, 8.0, 8.0, 8.0, 8.0, 9.0, 8.0, 8.0, 9.0, 9.0, 10.0, 11.0, 10.0, 10.0, 12.0, 11.0, 12.0, 12.0, 13.0, 15.0, 15.0, 17.0, 21.0]"
2020-12-02,46.66368367270374,0.806699376952626,1.1654163526231522,511.0,477.4238913270528,"[7.0, 6.0, 15.0, 7.0, 14.0, 5.0, 6.0, 22.0, 22.0, 22.0, 22.0, 22.0, 22.0, 22.0, 22.0, 22.0, 22.0, 22.0, 22.0, 22.0, 22.0, 7.0, 12.0, 5.0, 5.0, 6.0, 4.0, 5.0, 8.0, 5.0, 5.0, 6.0, 5.0, 5.0, 5.0, 5.0, 5.0, 5.0, 6.0, 6.0, 5.0, 6.0, 5.0, 6.0, 6.0, 6.0, 6.0, 6.0, 7.0, 7.0, 7.0, 6.0, 7.0, 7.0, 7.0, 7.0, 7.0, 7.0, 8.0, 8.0, 8.0, 8.0, 8.0, 9.0, 8.0, 8.0, 9.0, 11.0, 11.0, 10.0, 11.0, 16.0, 11.0, 11.0, 12.0, 13.0, 17.0]"
2020-12-03,46.290600591808285,0.7360518183355054,1.1686714794731845,540.0,473.5810010218769,"[7.0, 6.0, 5.0, 5.0, 6.0, 7.0, 21.0, 11.0, 6.0, 5.0, 4.0, 4.0, 5.0, 5.0, 6.0, 5.0, 5.0, 6.0, 6.0, 6.0, 6.0, 5.0, 5.0, 5.0, 5.0, 5.0, 7.0, 6.0, 5.0, 6.0, 6.0, 6.0, 6.0, 6.0, 6.0, 6.0, 6.0, 6.0, 6.0, 7.0, 6.0, 6.0, 6.0, 6.0, 7.0, 7.0, 7.0, 7.0, 7.0, 8.0, 7.0, 7.0, 7.0, 8.0, 8.0, 8.0, 9.0, 8.0, 10.0, 9.0, 9.0, 16.0, 11.0, 12.0, 15.0, 17.0]"
2020-12-04,45.88696619554902,0.7864756697713144,1.1717430469109524,628.0,471.88041347416674,"[5.0, 4.0, 10.0, 9.0, 7.0, 5.0, 5.0, 5.0, 5.0, 5.0, 5.0, 5.0, 5.0, 6.0, 6.0, 6.0, 5.0, 6.0, 6.0, 5.0, 7.0, 7.0, 7.0, 7.0, 8.0, 8.0, 7.0, 8.0, 8.0, 8.0, 8.0, 8.0, 8.0, 8.0, 8.0, 8.0, 11.0, 9.0, 10.0, 10.0, 11.0, 10.0, 12.0, 11.0, 13.0, 13.0, 14.0, 13.0, 9.0]"
2020-12-05,45.534194285753046,0.7952441576745576,1.1744301794677316,577.0,479.6413479272601,"[6.0, 6.0, 11.0, 10.0, 8.0, 4.0, 4.0, 5.0, 5.0, 6.0, 5.0, 6.0, 6.0, 7.0, 6.0, 5.0, 3.0, 5.0, 5.0, 6.0, 6.0, 6.0, 6.0, 7.0, 6.0, 7.0, 10.0, 7.0, 6.0, 7.0, 7.0, 6.0, 7.0, 8.0, 7.0, 7.0, 7.0, 7.0, 7.0, 7.0, 6.0, 7.0, 8.0, 9.0, 9.0, 9.0, 10.0, 10.0, 10.0, 11.0, 11.0, 11.0, 11.0, 13.0, 13.0, 14.0, 13.0, 18.0, 15.0, 16.0, 17.0, 18.0, 18.0, 22.0]"
2020-12-06,45.26402257036243,0.7966885580532561,1.176711709352316,631.0,506.6058545864352,"[17.0, 7.0, 7.0, 10.0, 7.0, 4.0, 5.0, 5.0, 5.0, 6.0, 6.0, 5.0, 10.0, 11.0, 7.0, 6.0, 6.0, 6.0, 6.0, 6.0, 6.0, 6.0, 7.0, 6.0, 6.0, 6.0, 7.0, 7.0, 7.0, 7.0, 7.0, 7.0, 8.0, 8.0, 8.0, 7.0, 8.0, 7.0, 6.0, 8.0, 9.0, 10.0, 10.0, 10.0, 9.0, 11.0, 11.0, 11.0, 11.0, 13.0, 14.0, 15.0, 5.0, 15.0]"
2020-12-07,45.0376714325375,0.8136643674294746,1.178761090688641,615.0,532.0869747627268,"[5.0, 5.0, 5.0, 7.0, 17.0, 17.0, 8.0, 7.0, 8.0, 6.0, 9.0, 5.0, 4.0, 6.0, 6.0, 5.0, 5.0, 6.0, 6.0, 6.0, 5.0, 6.0, 5.0, 6.0, 6.0, 6.0, 6.0, 7.0, 7.0, 7.0, 7.0, 8.0, 8.0, 7.0, 7.0, 7.0, 6.0, 6.0, 6.0, 8.0, 8.0, 7.0, 8.0, 8.0, 8.0, 9.0, 8.0, 8.0, 8.0, 9.0, 9.0, 9.0, 9.0, 9.0, 9.0, 9.0, 10.0, 9.0, 9.0, 9.0, 10.0, 10.0, 10.0, 10.0, 11.0, 13.0, 12.0, 11.0, 11.0, 12.0, 13.0, 13.0, 14.0, 14.0, 17.0]"
2020-12-08,44.779901557495606,0.819199700420233,1.1808292428950784,587.0,558.8716004333241,"[6.0, 7.0, 6.0, 7.0, 7.0, 16.0, 6.0, 6.0, 6.0, 6.0, 6.0, 8.0, 6.0, 7.0, 4.0, 4.0, 11.0, 5.0, 6.0, 5.0, 5.0, 5.0, 5.0, 6.0, 7.0, 7.0, 6.0, 6.0, 6.0, 7.0, 7.0, 7.0, 7.0, 7.0, 6.0, 7.0, 7.0, 7.0, 7.0, 8.0, 7.0, 7.0, 7.0, 8.0, 7.0, 7.0, 8.0, 7.0, 11.0, 8.0, 8.0, 8.0, 8.0, 8.0, 9.0, 9.0, 8.0, 9.0, 9.0, 9.0, 9.0, 10.0, 10.0, 10.0, 10.0, 11.0, 10.0, 12.0, 11.0, 11.0, 11.0, 11.0, 12.0, 12.0, 12.0, 12.0, 13.0, 18.0, 13.0, 13.0, 13.0, 17.0, 17.0]"
2020-12-09,44.44046458205809,0.785499349096959,1.183071527473984,670.0,584.1498797039726,"[5.0, 6.0, 15.0, 15.0, 6.0, 6.0, 6.0, 6.0, 5.0, 8.0, 4.0, 5.0, 4.0, 5.0, 5.0, 5.0, 5.0, 6.0, 5.0, 5.0, 6.0, 6.0, 8.0, 8.0, 6.0, 6.0, 7.0, 6.0, 6.0, 6.0, 6.0, 7.0, 7.0, 6.0, 6.0, 6.0, 7.0, 6.0, 6.0, 6.0, 7.0, 7.0, 7.0, 7.0, 8.0, 7.0, 8.0, 7.0, 7.0, 7.0, 8.0, 8.0, 9.0, 9.0, 11.0, 10.0, 14.0, 10.0, 10.0, 10.0, 11.0, 12.0, 12.0, 11.0, 11.0, 13.0, 14.0, 16.0, 16.0, 16.0, 17.0, 18.0]"
2020-12-10,44.0359711571588,0.7679214928480059,1.1854489655186895,680.0,595.7315569792412,"[6.0, 8.0, 19.0, 7.0, 10.0, 5.0, 6.0, 5.0, 4.0, 5.0, 4.0, 7.0, 5.0, 5.0, 5.0, 5.0, 6.0, 6.0, 6.0, 3.0, 5.0, 5.0, 7.0, 6.0, 6.0, 5.0, 6.0, 6.0, 6.0, 6.0, 6.0, 6.0, 7.0, 6.0, 6.0, 6.0, 6.0, 6.0, 6.0, 6.0, 7.0, 7.0, 7.0, 7.0, 7.0, 7.0, 7.0, 7.0, 7.0, 7.0, 8.0, 8.0, 8.0, 8.0, 8.0, 8.0, 10.0, 9.0, 9.0, 9.0, 10.0, 11.0, 11.0, 10.0, 10.0, 11.0, 12.0, 12.0, 12.0, 12.0, 11.0, 15.0, 15.0, 24.0]"
2020-12-11,43.63855948078592,0.8498789880807537,1.1877662513706388,689.0,602.9483514471528,"[6.0, 6.0, 13.0, 13.0, 13.0, 18.0, 18.0, 18.0, 18.0, 18.0, 18.0, 18.0, 18.0, 18.0, 18.0, 22.0, 7.0, 6.0, 6.0, 6.0, 5.0, 6.0, 6.0, 6.0, 6.0, 5.0, 6.0, 6.0, 6.0, 6.0, 5.0, 6.0, 7.0, 6.0, 7.0, 8.0, 9.0, 8.0, 9.0, 8.0, 8.0, 8.0, 8.0, 8.0, 8.0, 8.0, 9.0, 8.0, 10.0, 9.0, 10.0, 9.0, 10.0, 11.0, 10.0, 10.0, 11.0, 11.0, 10.0, 16.0, 15.0]"
2020-12-12,43.32277285009276,0.81057791210075,1.1898261004585715,950.0,622.9936547118585,"[5.0, 6.0, 12.0, 4.0, 8.0, 8.0, 15.0, 5.0, 4.0, 6.0, 5.0, 5.0, 6.0, 6.0, 5.0, 5.0, 5.0, 6.0, 6.0, 6.0, 6.0, 8.0, 6.0, 6.0, 7.0, 6.0, 6.0, 7.0, 7.0, 7.0, 13.0, 8.0, 7.0, 7.0, 7.0, 10.0, 8.0, 7.0, 7.0, 8.0, 9.0, 10.0, 9.0, 8.0, 8.0, 8.0, 9.0, 9.0, 9.0, 9.0, 10.0, 9.0, 15.0, 10.0, 11.0, 11.0, 12.0, 13.0, 12.0, 12.0, 14.0, 14.0, 15.0, 18.0, 18.0]"
2020-12-13,43.11064155609304,0.7988623622001371,1.1915781316912266,1030.0,642.3114928860349,"[6.0, 7.0, 7.0, 8.0, 7.0, 14.0, 4.0, 5.0, 4.0, 4.0, 6.0, 5.0, 6.0, 5.0, 8.0, 6.0, 6.0, 6.0, 6.0, 7.0, 6.0, 6.0, 7.0, 6.0, 6.0, 6.0, 7.0, 7.0, 7.0, 6.0, 7.0, 7.0, 8.0, 8.0, 8.0, 8.0, 7.0, 7.0, 8.0, 7.0, 7.0, 7.0, 9.0, 8.0, 10.0, 9.0, 8.0, 9.0, 9.0, 12.0, 10.0, 9.0, 11.0, 10.0, 10.0, 10.0, 12.0, 13.0, 15.0, 16.0, 20.0, 24.0]"
2020-12-14,42.9562606706573,0.8056257569857223,1.1931609612331884,718.0,690.3357011643311,"[10.0, 10.0, 10.0, 10.0, 10.0, 10.0, 10.0, 10.0, 10.0, 6.0, 15.0, 15.0, 15.0, 15.0, 15.0, 15.0, 15.0, 15.0, 15.0, 15.0, 15.0, 19.0, 19.0, 5.0, 8.0, 10.0, 6.0, 7.0, 6.0, 6.0, 4.0, 4.0, 5.0, 5.0, 4.0, 6.0, 5.0, 6.0, 6.0, 6.0, 5.0, 6.0, 5.0, 5.0, 7.0, 5.0, 6.0, 8.0, 5.0, 6.0, 6.0, 6.0, 6.0, 7.0, 6.0, 6.0, 7.0, 6.0, 6.0, 6.0, 9.0, 6.0, 6.0, 7.0, 8.0, 7.0, 7.0, 7.0, 7.0, 8.0, 8.0, 8.0, 7.0, 7.0, 9.0, 10.0, 8.0, 6.0, 8.0, 8.0, 8.0, 8.0, 8.0, 8.0, 8.0, 9.0, 9.0, 9.0, 9.0, 10.0, 11.0, 13.0, 13.0, 15.0]"
2020-12-15,42.78052566536674,0.7705614663725533,1.1947949076673725,880.0,772.4191753577913,"[6.0, 5.0, 9.0, 9.0, 14.0, 5.0, 7.0, 6.0, 6.0, 10.0, 11.0, 5.0, 5.0, 5.0, 7.0, 7.0, 5.0, 5.0, 5.0, 5.0, 6.0, 5.0, 7.0, 6.0, 5.0, 5.0, 5.0, 5.0, 5.0, 5.0, 7.0, 6.0, 7.0, 7.0, 6.0, 7.0, 6.0, 8.0, 6.0, 7.0, 8.0, 6.0, 7.0, 7.0, 7.0, 7.0, 7.0, 8.0, 9.0, 9.0, 15.0, 8.0, 9.0, 9.0, 8.0, 9.0, 9.0, 9.0, 12.0, 9.0, 10.0, 11.0, 11.0, 12.0, 12.0]"
2020-12-16,42.52981491672514,0.803972018288767,1.196634170481305,1078.0,803.287246957307,"[8.0, 8.0, 8.0, 8.0, 8.0, 8.0, 8.0, 8.0, 13.0, 13.0, 13.0, 17.0, 17.0, 20.0, 20.0, 5.0, 6.0, 8.0, 7.0, 2.0, 7.0, 7.0, 8.0, 8.0, 4.0, 5.0, 6.0, 5.0, 5.0, 6.0, 7.0, 8.0, 5.0, 5.0, 6.0, 6.0, 6.0, 6.0, 6.0, 7.0, 6.0, 6.0, 6.0, 7.0, 6.0, 7.0, 7.0, 6.0, 9.0, 9.0, 8.0, 7.0, 8.0, 8.0, 8.0, 7.0, 7.0, 8.0, 8.0, 8.0, 8.0, 8.0, 8.0, 9.0, 5.0, 5.0, 9.0, 11.0, 10.0, 10.0, 10.0, 14.0, 11.0, 12.0, 12.0, 13.0, 17.0, 18.0]"
2020-12-17,42.21532967810044,0.7509232441793268,1.198677003849533,1014.0,840.0391671640481,"[6.0, 12.0, 4.0, 2.0, 12.0, 15.0, 4.0, 8.0, 4.0, 4.0, 4.0, 5.0, 5.0, 5.0, 5.0, 6.0, 6.0, 6.0, 6.0, 6.0, 5.0, 6.0, 5.0, 6.0, 6.0, 6.0, 6.0, 6.0, 5.0, 5.0, 6.0, 6.0, 6.0, 8.0, 8.0, 6.0, 7.0, 6.0, 6.0, 6.0, 7.0, 7.0, 8.0, 7.0, 7.0, 6.0, 7.0, 8.0, 8.0, 7.0, 7.0, 7.0, 7.0, 7.0, 8.0, 8.0, 8.0, 7.0, 7.0, 8.0, 8.0, 8.0, 8.0, 9.0, 9.0, 10.0, 9.0, 10.0, 9.0, 10.0, 11.0, 11.0, 14.0, 18.0, 17.0]"
2020-12-18,41.90113571435867,0.7953913064282485,1.200821142840491,1064.0,877.7566808972214,"[6.0, 6.0, 6.0, 6.0, 6.0, 11.0, 11.0, 11.0, 11.0, 18.0, 18.0, 5.0, 6.0, 7.0, 8.0, 6.0, 2.0, 7.0, 5.0, 5.0, 6.0, 7.0, 7.0, 5.0, 6.0, 6.0, 5.0, 5.0, 6.0, 6.0, 6.0, 6.0, 6.0, 6.0, 7.0, 6.0, 6.0, 10.0, 7.0, 6.0, 6.0, 5.0, 6.0, 7.0, 7.0, 8.0, 8.0, 7.0, 8.0, 8.0, 8.0, 9.0, 8.0, 8.0, 8.0, 8.0, 9.0, 9.0, 9.0, 9.0, 10.0, 10.0, 10.0, 10.0, 11.0, 10.0, 11.0, 14.0, 11.0, 11.0, 11.0, 12.0, 6.0, 7.0, 14.0, 26.0]"
2020-12-19,41.65222037552924,0.755828802157519,1.2030238387421972,1045.0,918.8674897113158,"[5.0, 5.0, 5.0, 5.0, 7.0, 10.0, 10.0, 5.0, -2.0, 7.0, 4.0, 6.0, 3.0, 5.0, 6.0, 7.0, 5.0, 5.0, 5.0, 6.0, 17.0, 5.0, 6.0, 5.0, 6.0, 5.0, 8.0, 5.0, 5.0, 6.0, 6.0, 6.0, 6.0, 7.0, 6.0, 6.0, 7.0, 6.0, 6.0, 7.0, 7.0, 7.0, 8.0, 7.0, 7.0, 7.0, 7.0, 7.0, 7.0, 7.0, 7.0, 8.0, 9.0, 8.0, 8.0, 8.0, 9.0, 9.0, 8.0, 9.0, 9.0, 9.0, 9.0, 9.0, 10.0, 11.0, 12.0, 13.0, 12.0, 13.0, 13.0, 13.0, 34.0]"
2020-12-20,41.48157507005767,0.7579441457300391,1.2054172304859714,1097.0,961.6147786639068,"[5.0, 11.0, 8.0, 4.0, 5.0, 6.0, 8.0, 6.0, 5.0, 5.0, 6.0, 5.0, 5.0, 6.0, 6.0, 6.0, 6.0, 7.0, 7.0, 6.0, 6.0, 7.0, 7.0, 6.0, 7.0, 7.0, 6.0, 6.0, 7.0, 6.0, 6.0, 7.0, 8.0, 7.0, 8.0, 8.0, 8.0, 9.0, 11.0, 12.0, 13.0, 17.0, 25.0]"
2020-12-21,41.33704910116579,0.78439274864616,1.2082525661715695,924.0,994.4087532390782,"[8.0, 8.0, 8.0, 8.0, 10.0, 12.0, 15.0, 15.0, 20.0, 5.0, 10.0, 6.0, 6.0, 7.0, 8.0, 8.0, 7.0, 6.0, 6.0, 8.0, 7.0, 6.0, 6.0, 3.0, 5.0, 5.0, 5.0, 6.0, 5.0, 4.0, 5.0, 7.0, 6.0, 7.0, 5.0, 5.0, 5.0, 5.0, 5.0, 5.0, 5.0, 6.0, 6.0, 6.0, 6.0, 6.0, 7.0, 6.0, 6.0, 7.0, 6.0, 6.0, 7.0, 7.0, 7.0, 8.0, 7.0, 8.0, 8.0, 8.0, 8.0, 8.0, 12.0, 8.0, 10.0, 11.0, 10.0, 11.0, 12.0, 12.0, 14.0, 14.0, 14.0, 13.0, 14.0, 13.0, 14.0, 15.0, 17.0]"
2020-12-22,41.13892493098594,0.7711264593306747,1.211653331413168,866.0,1032.2591493118225,"[5.0, 7.0, 7.0, 7.0, 7.0, 7.0, 7.0, 7.0, 7.0, 7.0, 7.0, 7.0, 7.0, 7.0, 7.0, 7.0, 7.0, 7.0, 7.0, 7.0, 7.0, 7.0, 7.0, 7.0, 7.0, 7.0, 7.0, 7.0, 7.0, 7.0, 7.0, 7.0, 7.0, 7.0, 7.0, 7.0, 7.0, 7.0, 7.0, 7.0, 7.0, 7.0, 7.0, 7.0, 7.0, 7.0, 7.0, 7.0, 7.0, 7.0, 7.0, 7.0, 7.0, 7.0, 7.0, 7.0, 7.0, 7.0, 7.0, 7.0, 7.0, 7.0, 7.0, 7.0, 7.0, 7.0, 7.0, 7.0, 7.0, 7.0, 7.0, 11.0, 11.0, 14.0, 6.0, 12.0, 8.0, 5.0, 6.0, 6.0, 6.0, 5.0, 6.0, 5.0, 5.0, 5.0, 5.0, 5.0, 4.0, 5.0, 5.0, 6.0, 6.0, 5.0, 5.0, 5.0, 5.0, 5.0, 6.0, 18.0, 6.0, 6.0, 6.0, 6.0, 7.0, 6.0, 6.0, 6.0, 7.0, 7.0, 6.0, 6.0, 5.0, 7.0, 7.0, 7.0, 8.0, 13.0, 9.0, 8.0, 7.0, 10.0, 10.0, 2.0, 11.0, 11.0, 11.0, 12.0, 13.0, 13.0, 18.0, 13.0, 14.0, 16.0, 19.0]"
2020-12-23,40.840701929637184,0.7659458251949794,1.215376828523441,1090.0,1029.2519723316077,"[6.0, 6.0, 6.0, 6.0, 6.0, 6.0, 6.0, 6.0, 6.0, 6.0, 6.0, 6.0, 6.0, 6.0, 6.0, 6.0, 10.0, 10.0, 13.0, 13.0, 18.0, 18.0, 6.0, 6.0, 6.0, 4.0, 4.0, 7.0, 5.0, 5.0, 6.0, 6.0, 6.0, 5.0, 5.0, 6.0, 6.0, 6.0, 4.0, 5.0, 5.0, 6.0, 7.0, 7.0, 7.0, 6.0, 7.0, 6.0, 7.0, 6.0, 6.0, 6.0, 6.0, 7.0, 7.0, 7.0, 7.0, 8.0, 8.0, 8.0, 8.0, 9.0, 10.0, 10.0, 11.0, 11.0, 11.0, 11.0, 12.0, 11.0, 12.0, 12.0, 11.0, 11.0, 12.0]"
2020-12-24,40.46773033867354,0.7553717431279349,1.2187985017552228,985.0,999.8473052063988,"[5.0, 5.0, 5.0, 5.0, 5.0, 5.0, 5.0, 5.0, 5.0, 5.0, 5.0, 5.0, 5.0, 5.0, 5.0, 5.0, 5.0, 5.0, 5.0, 5.0, 5.0, 9.0, 6.0, 10.0, 7.0, 6.0, 5.0, 6.0, 11.0, 5.0, 5.0, 5.0, 6.0, 6.0, 7.0, 4.0, 5.0, 5.0, 5.0, 9.0, 5.0, 5.0, 7.0, 5.0, 6.0, 6.0, 6.0, 7.0, 5.0, 5.0, 6.0, 7.0, 6.0, 6.0, 6.0, 7.0, 7.0, 7.0, 6.0, 7.0, 7.0, 8.0, 8.0, 8.0, 8.0, 7.0, 8.0, 9.0, 9.0, 11.0, 9.0, 11.0, 9.0, 10.0, 11.0, 10.0, 10.0, 11.0, 11.0, 11.0, 10.0, 10.0, 11.0, 11.0, 10.0, 11.0, 12.0, 12.0, 12.0, 16.0, 14.0, 14.0, 17.0, 16.0, 19.0]"
2020-12-25,40.10107046322593,0.7305292803980099,1.2212295408180078,1235.0,989.0037583409546,"[4.0, 4.0, 4.0, 4.0, 4.0, 4.0, 4.0, 4.0, 4.0, 4.0, 8.0, 8.0, 8.0, 8.0, 8.0, 8.0, 12.0, 16.0, 5.0, 9.0, 15.0, 12.0, 4.0, 4.0, 4.0, 5.0, 6.0, 4.0, 6.0, 4.0, 5.0, 5.0, 6.0, 6.0, 5.0, 5.0, 5.0, 8.0, 6.0, 6.0, 6.0, 6.0, 6.0, 7.0, 6.0, 8.0, 6.0, 7.0, 8.0, 7.0, 8.0, 8.0, 8.0, 7.0, 8.0, 8.0, 8.0, 9.0, 10.0, 10.0, 10.0, 10.0, 12.0, 13.0, 13.0, 14.0, 14.0, 16.0, 19.0]"
2020-12-26,39.82112943694011,0.7577644853483854,1.2223851268859167,1131.0,988.1932517573368,"[5.0, 5.0, 5.0, 5.0, 5.0, 5.0, 7.0, 7.0, 7.0, 5.0, 5.0, 5.0, 5.0, 7.0, 5.0, 8.0, 6.0, 5.0, 5.0, 5.0, 5.0, 6.0, -2.0, 5.0, 6.0, 5.0, 5.0, 6.0, 6.0, 6.0, 6.0, 6.0, 6.0, 6.0, 5.0, 6.0, 6.0, 6.0, 6.0, 9.0, 8.0, 9.0, 9.0, 7.0, 8.0, 8.0, 9.0, 8.0, 9.0, 9.0, 8.0, 8.0, 9.0, 9.0, 9.0, 9.0, 11.0, 12.0, 11.0, 12.0, 11.0, 12.0, 13.0, 13.0, 13.0, 14.0, 16.0, 18.0, 19.0]"
2020-12-27,39.65328727118862,0.7959488676273434,1.2226354738047711,970.0,1021.3864847297364,"[6.0, 8.0, 8.0, 6.0, 5.0, 7.0, 6.0, 8.0, 9.0, 5.0, 4.0, 6.0, 6.0, 4.0, 5.0, 5.0, 6.0, 7.0, 5.0, 5.0, 6.0, 6.0, 6.0, 6.0, 6.0, 6.0, 6.0, 6.0, 6.0, 8.0, 7.0, 7.0, 8.0, 9.0, 7.0, 7.0, 7.0, 8.0, 8.0, 7.0, 7.0, 7.0, 8.0, 8.0, 8.0, 8.0, 9.0, 9.0, 9.0, 10.0, 11.0, 11.0, 11.0, 11.0, 13.0, 13.0, 14.0, 14.0, 15.0, 16.0, 16.0, 18.0, 19.0]"
2020-12-28,39.556314268991656,0.7860836314248273,1.2228009213529103,806.0,1061.5274600376615,"[5.0, 5.0, 5.0, 5.0, 5.0, 5.0, 5.0, 5.0, 5.0, 5.0, 5.0, 5.0, 6.0, 7.0, 8.0, 13.0, 7.0, 8.0, 5.0, 6.0, 14.0, 5.0, 11.0, 6.0, 6.0, 5.0, 6.0, 5.0, 6.0, 6.0, 6.0, 6.0, 6.0, 6.0, 6.0, 7.0, 7.0, 7.0, 6.0, 7.0, 6.0, 6.0, 6.0, 6.0, 9.0, 7.0, 7.0, 7.0, 6.0, 7.0, 6.0, 6.0, 7.0, 7.0, 7.0, 7.0, 7.0, 8.0, 8.0, 7.0, 7.0, 8.0, 8.0, 8.0, 8.0, 9.0, 8.0, 9.0, 9.0, 9.0, 10.0, 10.0, 10.0, 10.0, 10.0, 12.0, 11.0, 12.0, 11.0, 12.0, 12.0, 13.0, 13.0, 13.0, 14.0, 16.0, 16.0, 17.0, 26.0]"
2020-12-29,39.461150571158655,0.7369389132336517,1.2235951338454758,1044.0,1076.9390453193157,"[5.0, 5.0, 5.0, 5.0, 5.0, 5.0, 5.0, 5.0, 5.0, 5.0, 5.0, 7.0, 5.0, 7.0, 7.0, 13.0, 5.0, 6.0, 5.0, 5.0, 5.0, 5.0, 6.0, 6.0, 6.0, 5.0, 5.0, 5.0, 5.0, 5.0, 6.0, 6.0, 6.0, 6.0, 6.0, 6.0, 5.0, 6.0, 7.0, 6.0, 7.0, 6.0, 6.0, 9.0, 7.0, 7.0, 7.0, 7.0, 7.0, 7.0, 7.0, 7.0, 8.0, 7.0, 7.0, 8.0, 8.0, 8.0, 9.0, 9.0, 11.0, 10.0, 9.0, 10.0, 11.0, 10.0, 11.0, 11.0, 11.0, 12.0, 11.0]"
2020-12-30,39.3308169542093,0.7128027027726374,1.225103089380337,1050.0,1036.8765351209415,"[4.0, 4.0, 4.0, 4.0, 6.0, 8.0, 5.0, 6.0, 4.0, 4.0, 5.0, 5.0, 5.0, 4.0, 5.0, 5.0, 4.0, 5.0, 4.0, 5.0, 6.0, 10.0, 6.0, 6.0, 6.0, 6.0, 6.0, 6.0, 6.0, 6.0, 7.0, 6.0, 7.0, 5.0, 7.0, 7.0, 7.0, 8.0, 11.0, 7.0, 7.0, -3.0, 7.0, 7.0, 8.0, 8.0, 8.0, 9.0, 10.0, 10.0, 10.0, 10.0, 10.0, 12.0, 11.0, 12.0, 13.0, 13.0, 17.0]"
2020-12-31,39.19595689433691,0.7783669276441975,1.2266870136965258,967.0,1009.171130384123,"[4.0, 4.0, 10.0, 10.0, 14.0, 6.0, 6.0, 6.0, 4.0, 4.0, 5.0, 5.0, 5.0, 5.0, 5.0, 5.0, 6.0, 7.0, 7.0, 6.0, 5.0, 6.0, 7.0, 7.0, 7.0, 6.0, 7.0, 8.0, 7.0, 8.0, 7.0, 7.0, 8.0, 8.0, 9.0, 9.0, 9.0, 9.0, 9.0, 10.0, 10.0, 10.0, 11.0, 10.0, 11.0, 11.0, 12.0, 12.0, 12.0, 11.0]"
2021-01-01,39.13631804524076,0.767629288423747,1.2273903039586496,1028.0,997.504154472948,"[6.0, 9.0, 10.0, 10.0, 7.0, 4.0, 6.0, 4.0, 5.0, 5.0, 5.0, 5.0, 5.0, 5.0, 6.0, 8.0, 7.0, 6.0, 5.0, 5.0, 5.0, 5.0, 6.0, 6.0, 6.0, 7.0, 6.0, 7.0, 7.0, 7.0, 7.0, 7.0, 8.0, 10.0, 10.0, 11.0, 11.0, 11.0, 11.0, 12.0, 12.0, 13.0, 17.0, 23.0, 23.0]"
2021-01-02,39.22298854927617,0.7592812048488817,1.2265625955502486,824.0,994.1792171425808,"[5.0, 5.0, 8.0, 8.0, 7.0, 6.0, 4.0, 4.0, 4.0, 5.0, 5.0, 5.0, 5.0, 7.0, 6.0, 6.0, 6.0, 5.0, 6.0, 6.0, 6.0, 6.0, 6.0, 6.0, 7.0, 7.0, 7.0, 7.0, 8.0, 8.0, 8.0, 8.0, 8.0, 8.0, 9.0, 8.0, 10.0, 11.0, 10.0, 11.0, 11.0, 10.0, 11.0, 13.0, 14.0]"
2021-01-03,39.46267108950371,0.7763139218717658,1.2242617496425914,657.0,1000.9045975959148,"[8.0, 7.0, 7.0, 5.0, 4.0, 3.0, 8.0, 5.0, 5.0, 5.0, 5.0, 5.0, 5.0, 5.0, 6.0, 6.0, 7.0, 7.0, 6.0, 6.0, 6.0, 6.0, 6.0, 7.0, 8.0, 8.0, 9.0, 8.0, 9.0, 9.0, 8.0, 9.0, 9.0, 11.0, 10.0, 11.0, 11.0, 11.0, 11.0, 13.0, 15.0, 15.0, 18.0]"
2021-01-04,39.78444069216019,0.7645198513939124,1.2211834003577509,1020.0,981.2715191844978,"[5.0, 6.0, 6.0, 6.0, 6.0, 6.0, 6.0, 6.0, 6.0, 5.0, 8.0, 16.0, 6.0, 6.0, 6.0, 5.0, 4.0, 5.0, 5.0, 5.0, 5.0, 5.0, 5.0, 6.0, 5.0, 6.0, 5.0, 6.0, 6.0, 6.0, 6.0, 6.0, 7.0, 6.0, 7.0, 7.0, 7.0, 6.0, 7.0, 7.0, 7.0, 7.0, 7.0, 6.0, 7.0, 6.0, 8.0, 8.0, 7.0, 7.0, 7.0, 7.0, 8.0, 8.0, 8.0, 9.0, 9.0, 8.0, 10.0, 9.0, 11.0, 11.0, 12.0, 13.0, 14.0, 15.0, 16.0, 19.0, 17.0, 17.0]"
2021-01-05,40.07965192024589,0.712552331724936,1.2182188692679334,714.0,914.439089326076,"[6.0, 6.0, 5.0, 5.0, 5.0, 5.0, 5.0, 5.0, 6.0, 9.0, 11.0, 5.0, 6.0, 15.0, 10.0, 8.0, 5.0, 4.0, 4.0, 5.0, 5.0, 6.0, 5.0, 5.0, 5.0, 5.0, 5.0, 6.0, 5.0, 5.0, 6.0, 6.0, 6.0, 6.0, 6.0, 6.0, 7.0, 7.0, 7.0, 8.0, 7.0, 7.0, 8.0, 8.0, 8.0, 8.0, 8.0, 8.0, 8.0, 10.0, 13.0]"
2021-01-06,40.26913840836155,0.7253386667941859,1.2159710527532708,838.0,890.0564023384242,"[4.0, 8.0, 8.0, 8.0, 5.0, 5.0, 6.0, 4.0, 5.0, 5.0, 5.0, 5.0, 5.0, 6.0, 5.0, 6.0, 6.0, 5.0, 5.0, 5.0, 5.0, 6.0, 6.0, 6.0, 6.0, 6.0, 8.0, 6.0, 6.0, 6.0, 6.0, 7.0, 6.0, 8.0, 7.0, 7.0, 8.0, 7.0, 7.0, 8.0, 9.0, 8.0, 9.0, 9.0, 9.0, 10.0, 14.0, 18.0]"
2021-01-07,40.35063941065741,0.7568315870250003,1.214543049091713,869.0,860.9865958244503,"[5.0, 7.0, 7.0, 6.0, 8.0, 4.0, 4.0, 4.0, 4.0, 5.0, 5.0, 5.0, 5.0, 6.0, 5.0, 5.0, 6.0, 6.0, 6.0, 6.0, 6.0, 8.0, 9.0, 8.0, 7.0, 10.0, 10.0, 10.0, 11.0, 12.0, 12.0, 12.0, 12.0, 13.0, 13.0, 13.0, 20.0]"
2021-01-08,40.39072468459087,0.7867487249967994,1.2136365389357802,674.0,841.8398726460316,"[7.0, 8.0, 6.0, 7.0, 6.0, 5.0, 4.0, 5.0, 5.0, 5.0, 5.0, 6.0, 6.0, 5.0, 9.0, 7.0, 6.0, 6.0, 6.0, 7.0, 6.0, 6.0, 7.0, 7.0, 9.0, 8.0, 8.0, 9.0, 15.0, 9.0, 9.0, 10.0, 10.0, 11.0, 13.0, 15.0, 15.0, 16.0, 18.0]"
2021-01-09,40.47012800284581,0.821357509036989,1.2128591979880596,641.0,846.8510169422891,"[7.0, 10.0, 5.0, 12.0, 4.0, 5.0, 5.0, 5.0, 4.0, 5.0, 5.0, 6.0, 7.0, 9.0, 11.0, 8.0, 8.0, 9.0, 9.0, 9.0, 9.0, 9.0, 11.0, 11.0, 11.0, 12.0, 12.0, 13.0, 15.0, 17.0, 18.0, 19.0]"
2021-01-10,40.624282549707296,0.7649063053309528,1.2119812247189976,657.0,808.053963914602,"[5.0, 7.0, 8.0, 5.0, 7.0, 5.0, 5.0, 5.0, 5.0, 6.0, 5.0, 5.0, 13.0, 7.0, 6.0, 7.0, 8.0, 8.0, 8.0, 8.0, 8.0, 8.0, 8.0, 8.0, 9.0, 12.0, 12.0]"
2021-01-11,40.82200990966946,0.7385580163404569,1.2110169580897987,451.0,776.5519632941258,"[6.0, 8.0, 9.0, 5.0, 5.0, 5.0, 5.0, 4.0, 5.0, 5.0, 5.0, 5.0, 5.0, 5.0, 6.0, 5.0, 6.0, 6.0, 6.0, 5.0, 3.0, 6.0, 6.0, 5.0, 6.0, 7.0, 7.0, 7.0, 7.0, 7.0, 7.0, 9.0, 7.0, 8.0, 7.0, 7.0, 8.0, 8.0, 8.0, 10.0, 9.0, 10.0, 11.0, 11.0, 11.0, 12.0, 12.0, 12.0]"
2021-01-12,40.99505190328714,0.7158355906691255,1.2101207927893738,537.0,729.8568588303001,"[4.0, 5.0, 5.0, 5.0, 5.0, 7.0, 8.0, 5.0, 5.0, 6.0, 7.0, 5.0, 5.0, 5.0, 6.0, 6.0, 6.0, 6.0, 6.0, 6.0, 4.0, 6.0, 7.0, 6.0, 7.0, 7.0, 8.0, 7.0, 7.0, 7.0, 7.0, 7.0, 7.0, 7.0, 9.0, 11.0, 10.0, 10.0]"
2021-01-13,41.09469958495825,0.7367768515714807,1.2093992382502745,561.0,671.5849350475926,"[3.0, 7.0, 5.0, 7.0, 5.0, 5.0, 6.0, 5.0, 5.0, 6.0, 7.0, 5.0, 5.0, 5.0, 5.0, 6.0, 6.0, 8.0, 6.0, 7.0, 7.0, 7.0, 7.0, 7.0, 8.0, 8.0, 7.0, 7.0, 7.0, 8.0, 9.0, 10.0, 12.0, 13.0, 19.0]"
2021-01-14,41.132704979577966,0.7921859932730847,1.208798566507003,524.0,631.4851820778251,"[5.0, 6.0, 10.0, 1.0, 4.0, 5.0, 5.0, 5.0, 6.0, 6.0, 7.0, 6.0, 7.0, 6.0, 6.0, 7.0, 6.0, 7.0, 8.0, 7.0, 7.0, 7.0, 8.0, 8.0, 8.0, 8.0, 8.0, 8.0, 9.0, 9.0, 9.0, 11.0, 12.0, 13.0, 12.0, 12.0, 13.0, 14.0, 14.0, 14.0, 21.0]"
2021-01-15,41.174122458724646,0.7500633486169868,1.2081179121270018,512.0,586.3066839715408,"[5.0, 5.0, 5.0, 5.0, 5.0, 6.0, 5.0, 5.0, 5.0, 6.0, 6.0, 6.0, 8.0, 6.0, 7.0, 9.0, 11.0, 12.0, 12.0, 14.0, 17.0, 17.0]"
2021-01-16,41.28911351761208,0.806603724513007,1.2071645640238613,580.0,563.9143095454644,"[10.0, 7.0, 6.0, 5.0, 8.0, 6.0, 7.0, 5.0, 6.0, 8.0, 6.0, 6.0, 6.0, 7.0, 7.0, 7.0, 8.0, 9.0, 8.0, 9.0, 10.0, 10.0, 11.0, 11.0, 14.0]"
2021-01-17,41.5003204615068,0.7574589182372256,1.2058947904052053,520.0,542.0556550364421,"[9.0, 5.0, 7.0, 5.0, 5.0, 5.0, 5.0, 5.0, 5.0, 6.0, 8.0, 7.0, 6.0, 7.0, 7.0, 7.0, 6.0, 7.0, 7.0, 12.0, 7.0, 8.0, 7.0, 8.0, 9.0, 11.0, 11.0]"
2021-01-18,41.76526631055907,0.7753928695434374,1.2044496012200765,389.0,545.8557825337213,"[5.0, 5.0, 6.0, 3.0, 8.0, 6.0, 5.0, 5.0, 5.0, 6.0, 6.0, 8.0, 7.0, 8.0, 8.0, 8.0, 8.0, 8.0, 9.0, 13.0, 8.0, 14.0, 16.0, 19.0, 21.0]"
2021-01-19,42.00724039830816,0.7341988698481947,1.2030530378040494,386.0,540.0421206557421,"[6.0, 5.0, 5.0, 5.0, 6.0, 5.0, 6.0, 5.0, 5.0, 5.0, 6.0, 6.0, 5.0, 6.0, 6.0, 6.0, 6.0, 6.0, 7.0, 7.0, 8.0, 8.0, 7.0, 9.0, 8.0, 10.0, 13.0, 15.0, 14.0]"
2021-01-20,42.17232486847205,0.7762327351278153,1.2018452389979526,404.0,520.8990283973751,"[6.0, 6.0, 6.0, 6.0, 13.0, 5.0, 5.0, 5.0, 5.0, 5.0, 5.0, 6.0, 6.0, 6.0, 6.0, 6.0, 6.0, 6.0, 7.0, 7.0, 8.0, 8.0, 9.0, 9.0, 11.0, 13.0, 14.0, 14.0, 17.0, 21.0, 18.0]"
2021-01-21,42.27052185277707,0.7408529716165027,1.2007825726319168,401.0,485.8351645423777,"[7.0, 4.0, 5.0, 5.0, 5.0, 5.0, 5.0, 5.0, 6.0, 5.0, 7.0, 6.0, 6.0, 6.0, 5.0, 6.0, 6.0, 7.0, 7.0, 7.0, 7.0, 9.0, 10.0, 10.0, 10.0, 9.0, 12.0, 13.0, 16.0]"
2021-01-22,42.367690998030135,0.8075580066179631,1.1996719249051586,345.0,459.8078497792698,"[9.0, 7.0, 5.0, 5.0, 5.0, 6.0, 5.0, 6.0, 7.0, 6.0, 7.0, 7.0, 8.0, 9.0, 9.0, 9.0, 10.0, 9.0, 10.0, 9.0, 11.0, 13.0, 14.0]"
2021-01-23,42.53584091022848,0.7662661222755097,1.1983217116237626,431.0,431.2570824420196,"[6.0, 4.0, 4.0, 5.0, 5.0, 5.0, 6.0, 5.0, 5.0, 6.0, 5.0, 6.0, 6.0, 6.0, 6.0, 7.0, 6.0, 7.0, 7.0, 7.0, 7.0, 7.0, 7.0, 8.0, 8.0, 9.0, 9.0, 10.0, 13.0, 10.0, 10.0, 11.0, 12.0, 17.0, 18.0, 20.0]"
2021-01-24,42.79839340483975,0.7303992402077122,1.1966888250571566,392.0,400.51662318110334,"[5.0, 5.0, 6.0, 13.0, 5.0, 5.0, 5.0, 5.0, 5.0, 8.0, 6.0, 6.0, 6.0, 6.0, 6.0, 6.0, 6.0, 6.0, 6.0, 6.0, 7.0, 7.0, 7.0, 7.0, 7.0, 8.0, 8.0, 7.0, 11.0, 15.0]"
2021-01-25,43.111697522795694,0.7548721351287752,1.1949144295617056,437.0,400.0919769471131,"[6.0, 6.0, 5.0, 4.0, 5.0, 5.0, 5.0, 5.0, 5.0, 6.0, 5.0, 6.0, 6.0, 6.0, 5.0, 6.0, 6.0, 18.0, 7.0, 7.0, 7.0, 7.0, 7.0, 7.0, 8.0, 7.0, 9.0, 10.0, 12.0, 12.0, 12.0, 12.0, 15.0, 24.0]"
2021-01-26,43.39654077758284,0.7588484149785006,1.193222616790219,349.0,396.0237774925008,"[4.0, 5.0, 6.0, 5.0, 5.0, 5.0, 6.0, 6.0, 5.0, 5.0, 6.0, 6.0, 10.0, 6.0, 6.0, 6.0, 6.0, 7.0, 6.0, 6.0, 7.0, 7.0, 7.0, 6.0, 6.0, 7.0, 7.0, 7.0, 7.0, 7.0, 7.0, 7.0, 8.0, 7.0, 8.0, 8.0, 8.0, 8.0, 10.0, 10.0, 11.0, 16.0, 17.0, 18.0]"
2021-01-27,43.59703075869749,0.7367824861669391,1.1917535023076655,559.0,401.3593948582452,"[6.0, 6.0, 6.0, 4.0, 6.0, 5.0, 6.0, 5.0, 5.0, 6.0, 5.0, 5.0, 6.0, 6.0, 5.0, 6.0, 5.0, 6.0, 5.0, 6.0, 6.0, 6.0, 6.0, 6.0, 6.0, 6.0, 7.0, 7.0, 7.0, 7.0, 7.0, 6.0, 7.0, 7.0, 7.0, 7.0, 7.0, 7.0, 9.0, 9.0, 10.0, 12.0, 13.0, 14.0, 14.0, 18.0]"
2021-01-28,43.72330360639598,0.7549358465446133,1.190463344951492,497.0,400.4289000809813,"[6.0, 5.0, 5.0, 6.0, 5.0, 4.0, 6.0, 5.0, 6.0, 5.0, 6.0, 6.0, 7.0, 6.0, 7.0, 8.0, 9.0, 10.0, 13.0, 13.0, 13.0, 14.0, 21.0]"
2021-01-29,43.84340918829444,0.7759416802128987,1.18915878293868,469.0,416.84147681927794,"[7.0, 5.0, 8.0, 6.0, 5.0, 5.0, 6.0, 5.0, 7.0, 6.0, 5.0, 6.0, 6.0, 6.0, 7.0, 7.0, 7.0, 7.0, 7.0, 7.0, 8.0, 8.0, 8.0, 8.0, 8.0, 9.0, 8.0, 10.0, 10.0, 13.0, 13.0]"
2021-01-30,44.03195905576678,0.7824870799040362,1.1876477541162949,456.0,440.845986702371,"[5.0, 9.0, 7.0, 6.0, 5.0, 5.0, 6.0, 6.0, 6.0, 6.0, 6.0, 6.0, 7.0, 7.0, 14.0, 7.0, 8.0, 10.0, 10.0, 10.0, 10.0, 20.0]"
2021-01-31,44.31331173986256,0.7863731299294512,1.1858913007415235,354.0,457.7277593736907,"[7.0, 7.0, 8.0, 7.0, 5.0, 6.0, 8.0, 5.0, 5.0, 6.0, 6.0, 6.0, 6.0, 6.0, 7.0, 9.0, 8.0, 10.0, 10.0, 10.0, 10.0, 8.0, 15.0]"
2021-02-01,44.642367010082026,0.7918109441564143,1.1840383341404663,305.0,467.4007431843813,"[5.0, 6.0, 6.0, 8.0, 7.0, 12.0, 5.0, 6.0, 6.0, 6.0, 6.0, 5.0, 5.0, 5.0, 6.0, 5.0, 7.0, 5.0, 5.0, 6.0, 5.0, 6.0, 6.0, 6.0, 6.0, 7.0, 7.0, 7.0, 7.0, 6.0, 6.0, 6.0, 7.0, 7.0, 7.0, 7.0, 8.0, 9.0, 10.0, 8.0, 8.0, 8.0, 9.0, 9.0, 9.0, 9.0, 10.0, 9.0, 10.0, 10.0, 11.0, 12.0, 13.0, 14.0, 16.0, 16.0, 18.0, 18.0, 20.0]"
2021-02-02,44.93683961433748,0.7888665319267913,1.182341892878138,336.0,457.0323416501016,"[6.0, 6.0, 6.0, 5.0, 5.0, 6.0, 5.0, 5.0, 5.0, 6.0, 6.0, 6.0, 6.0, 6.0, 6.0, 6.0, 6.0, 7.0, 7.0, 7.0, 7.0, 7.0, 7.0, 7.0, 8.0, 7.0, 8.0, 7.0, 8.0, 8.0, 8.0, 9.0, 11.0, 12.0, 14.0, 15.0, 15.0, 16.0, 17.0, 16.0, 28.0]"
2021-02-03,45.13783826479413,0.7726473355233652,1.1810147468544971,467.0,424.1276523224882,"[9.0, 6.0, 8.0, 4.0, 5.0, 2.0, 5.0, 6.0, 6.0, 6.0, 6.0, 6.0, 6.0, 5.0, 5.0, 5.0, 6.0, 7.0, 7.0, 6.0, 6.0, 6.0, 7.0, 8.0, 8.0, 8.0, 8.0, 7.0, 8.0, 7.0, 9.0, 9.0, 10.0, 13.0, 14.0, 16.0, 16.0, 18.0, 18.0, 18.0, 18.0]"
2021-02-04,45.253121708818135,0.8141135860974459,1.1801787268751274,451.0,394.31649845752855,"[5.0, 7.0, 7.0, 13.0, 14.0, 17.0, 6.0, 6.0, 7.0, 5.0, 6.0, 6.0, 5.0, 11.0, 16.0, 5.0, 6.0, 7.0, 6.0, 6.0, 6.0, 7.0, 7.0, 9.0, 9.0, 10.0, 11.0, 11.0, 12.0, 13.0, 13.0, 17.0]"
2021-02-05,45.34780394240147,0.738890084756915,1.1799380376744013,370.0,379.2002975323127,"[6.0, 7.0, 6.0, 5.0, 6.0, 4.0, 5.0, 5.0, 5.0, 5.0, 6.0, 5.0, 7.0, 7.0, 6.0, 5.0, 5.0, 6.0, 6.0, 6.0, 7.0, 7.0, 7.0, 9.0, 7.0, 7.0, 8.0, 8.0, 8.0, 8.0, 11.0, 12.0, 13.0, 15.0]"
2021-02-06,45.49100795055589,0.7835738041799287,1.1805271199587275,390.0,391.08772213842286,"[12.0, 8.0, 6.0, 6.0, 10.0, 6.0, 5.0, 5.0, 6.0, 6.0, 5.0, 6.0, 6.0, 6.0, 7.0, 7.0, 7.0, 7.0, 8.0, 8.0, 11.0, 12.0, 14.0, 15.0]"
2021-02-07,45.69938450631141,0.8262769405925465,1.182336452861059,371.0,398.9436424208498,"[6.0, 6.0, 5.0, 6.0, 6.0, 6.0, 6.0, 6.0, 6.0, 8.0, 8.0, 9.0, 9.0, 9.0, 8.0, 10.0, 12.0, 11.0, 13.0, 13.0, 13.0, 15.0]"
2021-02-08,45.92290011829483,0.8020168733064291,1.185678965901636,288.0,400.9631021896447,"[9.0, 9.0, 4.0, 5.0, 5.0, 5.0, 6.0, 5.0, 5.0, 6.0, 7.0, 6.0, 8.0, 6.0, 6.0, 7.0, 7.0, 7.0, 8.0, 9.0, 8.0, 8.0, 8.0, 9.0, 8.0, 9.0, 10.0, 11.0, 11.0, 11.0, 13.0, 13.0, 13.0, 14.0]"
2021-02-09,46.08602025842989,0.7521732697832054,1.1903622667482106,303.0,397.3364817453156,"[7.0, 5.0, 5.0, 5.0, 5.0, 5.0, 5.0, 5.0, 6.0, 6.0, 5.0, 5.0, 7.0, 6.0, 6.0, 6.0, 7.0, 6.0, 7.0, 7.0, 7.0, 7.0, 7.0, 3.0, 9.0, 9.0, 8.0, 8.0, 9.0, 8.0, 8.0, 9.0, 9.0, 9.0, 10.0, 12.0, 12.0, 12.0]"
2021-02-10,46.154349469293216,0.7899571117345242,1.1953689672899888,444.0,379.4882919113375,"[7.0, 7.0, 9.0, 5.0, 5.0, 5.0, 5.0, 5.0, 5.0, 6.0, 6.0, 6.0, 6.0, 6.0, 6.0, 6.0, 7.0, 6.0, 7.0, 7.0, 7.0, 7.0, 7.0, 7.0, 9.0, 8.0, 8.0, 10.0, 10.0, 10.0, 11.0, 11.0, 12.0, 12.0, 14.0, 15.0, 18.0]"
2021-02-11,46.174233468789005,0.8003604848869328,1.199008755244102,504.0,358.05897135045984,"[8.0, 11.0, 8.0, 5.0, 6.0, 6.0, 9.0, 6.0, 6.0, 5.0, 5.0, 5.0, 7.0, 7.0, 5.0, 7.0, 6.0, 6.0, 6.0, 7.0, 6.0, 6.0, 7.0, 9.0, 7.0, 7.0, 7.0, 8.0, 7.0, 8.0, 8.0, 8.0, 9.0, 8.0, 8.0, 9.0, 11.0, 11.0, 11.0, 12.0, 16.0, 16.0, 17.0]"
2021-02-12,46.24949012983869,0.7715178618205409,1.199606229994007,403.0,354.607302072954,"[5.0, 8.0, 8.0, 6.0, 6.0, 6.0, 4.0, 5.0, 5.0, 6.0, 6.0, 7.0, 6.0, 8.0, 6.0, 6.0, 6.0, 6.0, 7.0, 6.0, 6.0, 6.0, 7.0, 7.0, 8.0, 9.0, 8.0, 8.0, 9.0, 9.0, 10.0, 12.0, 11.0, 13.0, 15.0]"
2021-02-13,46.4724779690442,0.7072588263076052,1.1963688212114996,362.0,375.0497242708242,"[5.0, 5.0, 5.0, 5.0, 5.0, 15.0, 7.0, 5.0, 5.0, 5.0, 9.0, 5.0, 6.0, 6.0, 7.0, 5.0, 5.0, 6.0, 6.0, 6.0, 6.0, 6.0, 6.0, 6.0, 6.0, 6.0, 6.0, 1.0, 7.0, 7.0, 8.0, 8.0, 8.0, 9.0, 14.0, 14.0, 15.0]"
2021-02-14,46.85867119351976,0.7801394112626602,1.1898459684555514,326.0,395.2876953714529,"[7.0, 5.0, 5.0, 5.0, 6.0, 5.0, 6.0, 6.0, 6.0, 6.0, 7.0, 6.0, 7.0, 6.0, 7.0, 7.0, 6.0, 7.0, 7.0, 7.0, 7.0, 8.0, 8.0, 8.0, 9.0, 9.0, 9.0, 9.0, 9.0, 12.0, 13.0, 24.0]"
2021-02-15,47.33214564566186,0.7880272369179382,1.1816526914194976,343.0,402.8850753939186,"[11.0, 5.0, 4.0, 5.0, 5.0, 6.0, 7.0, 5.0, 6.0, 7.0, 7.0, 6.0, 6.0, 6.0, 6.0, 7.0, 7.0, 7.0, 7.0, 7.0, 7.0, 6.0, 7.0, 7.0, 7.0, 7.0, 8.0, 9.0, 8.0, 7.0, 7.0, 7.0, 7.0, 8.0, 8.0, 9.0, 10.0, 11.0, 11.0, 11.0, 13.0, 13.0, 13.0]"
2021-02-16,47.77311667394277,0.719896574343226,1.1736513536200772,457.0,402.0456207432752,"[8.0, 9.0, 5.0, 5.0, 6.0, 5.0, 6.0, 5.0, 5.0, 5.0, 5.0, 5.0, 5.0, 6.0, 6.0, 6.0, 6.0, 6.0, 7.0, 7.0, 7.0, 6.0, 6.0, 6.0, 7.0, 7.0, 6.0, 5.0, 6.0, 6.0, 7.0, 6.0, 6.0, 7.0, 8.0, 7.0, 8.0, 9.0, 11.0, 11.0]"
2021-02-17,48.09590772374613,0.7599723401700827,1.167131250239518,621.0,378.3936490144086,"[6.0, 7.0, 5.0, 5.0, 6.0, 4.0, 5.0, 6.0, 5.0, 6.0, 5.0, 5.0, 5.0, 5.0, 6.0, 6.0, 6.0, 6.0, 6.0, 6.0, 8.0, 7.0, 7.0, 8.0, 19.0, 8.0, 8.0, 8.0, 9.0, 8.0, 9.0, 10.0, 9.0, 11.0, 10.0, 10.0, 11.0, 15.0]"
2021-02-18,48.30266113279467,0.7552945525814123,1.1624618426717348,621.0,376.8829484093477,"[6.0, 6.0, 14.0, 5.0, 5.0, 8.0, 4.0, 5.0, 5.0, 6.0, 5.0, 5.0, 6.0, 5.0, 6.0, 6.0, 6.0, 7.0, 6.0, 6.0, 6.0, 8.0, 8.0, 8.0, 8.0, 9.0, 10.0, 9.0, 9.0, 10.0, 10.0, 13.0, 13.0]"
2021-02-19,48.47253558966417,0.7400593575827858,1.159273996457197,561.0,414.7524293647684,"[6.0, 14.0, 7.0, 5.0, 4.0, 5.0, 5.0, 3.0, 5.0, 5.0, 5.0, 5.0, 6.0, 5.0, 5.0, 6.0, 6.0, 5.0, 5.0, 7.0, 5.0, 7.0, 7.0, 6.0, 7.0, 7.0, 7.0, 7.0, 8.0, 8.0, 8.0, 7.0, 8.0, 8.0, 8.0, 9.0, 19.0, 10.0, 9.0, 9.0, 11.0, 12.0, 14.0]"
2021-02-20,48.697646302934885,0.7957673360275799,1.1569560954574434,448.0,462.7017966685076,"[5.0, 6.0, 5.0, 6.0, 6.0, 5.0, 6.0, 6.0, 6.0, 7.0, 7.0, 7.0, 8.0, 7.0, 7.0, 8.0, 7.0, 7.0, 7.0, 8.0, 8.0, 8.0, 8.0, 9.0, 9.0, 10.0, 10.0, 11.0, 11.0, 13.0]"
2021-02-21,49.013936076538165,0.7276959615385917,1.1550802838392458,416.0,517.3174589379869,"[7.0, 5.0, 6.0, 7.0, 6.0, 4.0, 5.0, 6.0, 5.0, 6.0, 5.0, 5.0, 6.0, 6.0, 7.0, 6.0, 6.0, 7.0, 7.0, 7.0, 6.0, 6.0, 6.0, 7.0, 7.0, 7.0, 7.0, 7.0, 8.0, 7.0, 8.0, 8.0, 8.0, 10.0, 10.0, 11.0, 1.0, 18.0]"
2021-02-22,49.37661982020235,0.7070363744211314,1.1535802589689732,332.0,542.1814511028489,"[6.0, 5.0, 5.0, 6.0, 6.0, 18.0, 4.0, 5.0, 5.0, 5.0, 5.0, 5.0, 5.0, 5.0, 5.0, 5.0, 5.0, 5.0, 6.0, 6.0, 7.0, 6.0, 6.0, 7.0, 7.0, 7.0, 7.0, 8.0, 8.0, 7.0, 7.0, 10.0, 9.0, 10.0, 11.0]"
2021-02-23,49.69595061058113,0.7366368950787747,1.1526615949055308,357.0,512.4869529173353,"[5.0, 6.0, 16.0, 4.0, 5.0, 4.0, 5.0, 5.0, 8.0, 5.0, 6.0, 7.0, 7.0, 7.0, 7.0, 9.0, 13.0, 17.0, 23.0]"
2021-02-24,49.90627124653995,0.7896913798121141,1.1525635578561315,439.0,481.115329215324,"[7.0, 5.0, 6.0, 6.0, 8.0, 5.0, 5.0, 5.0, 7.0, 6.0, 4.0, 7.0, 8.0, 7.0, 7.0, 7.0, 7.0, 7.0, 8.0, 8.0, 8.0, 8.0, 8.0, 9.0, 9.0, 10.0, 10.0, 13.0, 13.0, 13.0]"
2021-02-25,50.01820958024484,0.7723614437882039,1.1533128646063642,395.0,435.1944146310146,"[4.0, 7.0, 6.0, 5.0, 5.0, 4.0, 5.0, 5.0, 6.0, 6.0, 7.0, 6.0, 7.0, 7.0, 6.0, 7.0, 7.0, 7.0, 8.0, 7.0, 8.0, 8.0, 9.0, 15.0, 11.0, 11.0, 11.0, 11.0, 12.0, 21.0]"
2021-02-26,50.1128748066541,0.7511251379355383,1.154595626589334,387.0,409.767091490689,"[6.0, 5.0, 4.0, 6.0, 6.0, 6.0, 5.0, 6.0, 7.0, 5.0, 5.0, 5.0, 6.0, 5.0, 5.0, 5.0, 6.0, 6.0, 7.0, 9.0, 7.0, 7.0, 8.0, 8.0, 8.0, 10.0, 9.0, 13.0, 10.0, 10.0, 10.0, 12.0, 14.0]"
2021-02-27,50.28527184692048,0.7134622425268637,1.1558012762406067,415.0,398.863284805395,"[8.0, 6.0, 6.0, 6.0, 6.0, 6.0, 4.0, 5.0, 5.0, 4.0, 5.0, 5.0, 5.0, 6.0, 5.0, 5.0, 7.0, 5.0, 1.0, 5.0, 6.0, 6.0, 6.0, 7.0, 7.0, 8.0, 8.0, 8.0, 9.0, 9.0, 9.0, 11.0, 13.0, 13.0, 14.0, 16.0]"
2021-02-28,50.57787403141943,0.78243802970938,1.1562468367831866,355.0,396.8656535670608,"[5.0, 7.0, 8.0, 8.0, 4.0, 5.0, 5.0, 5.0, 5.0, 6.0, 6.0, 7.0, 7.0, 5.0, 5.0, 6.0, 6.0, 7.0, 7.0, 7.0, 7.0, 7.0, 7.0, 7.0, 7.0, 7.0, 8.0, 8.0, 8.0, 8.0, 8.0, 8.0, 7.0, 11.0, 9.0, 9.0, 11.0, 11.0, 11.0, 12.0, 14.0, 14.0]"
2021-03-01,50.95335032836577,0.7554283681983313,1.155472632163473,355.0,397.6464795104365,"[13.0, 5.0, 6.0, 4.0, 4.0, 5.0, 5.0, 5.0, 9.0, 5.0, 5.0, 6.0, 6.0, 5.0, 6.0, 6.0, 7.0, 7.0, 7.0, 8.0, 7.0, 8.0, 7.0, 8.0, 7.0, 8.0, 8.0, 7.0, 8.0, 8.0, 8.0, 9.0, 9.0, 9.0, 10.0, 12.0]"
2021-03-02,51.32482679772247,0.7742354529748915,1.1534531779594348,344.0,396.10275835110616,"[4.0, 6.0, 6.0, 4.0, 5.0, 5.0, 6.0, 5.0, 5.0, 6.0, 6.0, 6.0, 6.0, 6.0, 6.0, 7.0, 6.0, 6.0, 7.0, 7.0, 7.0, 7.0, 7.0, 7.0, 7.0, 6.0, 15.0, 7.0, 7.0, 9.0, 8.0, 9.0, 8.0, 10.0, 10.0, 10.0, 11.0, 11.0, 12.0, 13.0, 14.0, 19.0]"
2021-03-03,51.62168590420969,0.7363691177174299,1.1505700779804342,444.0,384.6793655551634,"[7.0, 5.0, 11.0, 4.0, 4.0, 5.0, 6.0, 6.0, 6.0, 5.0, 6.0, 6.0, 5.0, 6.0, 6.0, 6.0, 7.0, 6.0, 6.0, 9.0, 6.0, 6.0, 6.0, 6.0, 6.0, 7.0, 8.0, 8.0, 9.0, 11.0, 12.0, 12.0, 12.0]"
2021-03-04,51.84286479406868,0.7202220598529199,1.147372397964297,424.0,373.32860632777147,"[5.0, 6.0, 6.0, 5.0, 5.0, 5.0, 6.0, 5.0, 5.0, 5.0, 5.0, 5.0, 5.0, 5.0, 6.0, 5.0, 5.0, 5.0, 6.0, 6.0, 6.0, 7.0, 6.0, 6.0, 7.0, 6.0, 7.0, 7.0, 7.0, 9.0, 8.0, 9.0, 9.0, 8.0, 9.0, 9.0, 11.0, 11.0, 14.0]"
2021-03-05,52.05480297825504,0.7724294508070009,1.1442987365612587,398.0,376.7989702997479,"[5.0, 6.0, 8.0, 5.0, 5.0, 5.0, 5.0, 5.0, 5.0, 5.0, 6.0, 6.0, 6.0, 6.0, 5.0, 6.0, 6.0, 6.0, 6.0, 6.0, 7.0, 7.0, 8.0, 8.0, 8.0, 8.0, 9.0, 9.0, 8.0, 9.0, 8.0, 8.0, 10.0, 9.0, 10.0, 11.0, 12.0, 13.0, 14.0, 16.0]"
2021-03-06,52.33710769216407,0.803344481508244,1.141563352559161,418.0,386.680303064356,"[7.0, 6.0, 8.0, 7.0, 9.0, 5.0, 5.0, 5.0, 5.0, 5.0, 6.0, 7.0, 6.0, 6.0, 6.0, 6.0, 6.0, 7.0, 7.0, 8.0, 7.0, 7.0, 8.0, 8.0, 8.0, 7.0, 7.0, 7.0, 8.0, 8.0, 8.0, 10.0, 12.0, 8.0, 9.0, 9.0, 8.0, 10.0, 10.0, 12.0, 12.0, 16.0, 19.0]"
2021-03-07,52.71686628374206,0.763501499400729,1.139226703007617,416.0,395.3003343293988,"[10.0, 5.0, 4.0, 11.0, 5.0, 6.0, 6.0, 3.0, 6.0, 6.0, 6.0, 6.0, 6.0, 7.0, 7.0, 7.0, 8.0, 8.0, 8.0, 8.0, 7.0, 8.0, 8.0, 9.0, 10.0, 10.0, 13.0]"
2021-03-08,53.14339390080417,0.7313282118480705,1.1373206407884888,346.0,404.9507885730639,"[7.0, -3.0, 10.0, 5.0, 9.0, 6.0, 6.0, 4.0, 6.0, 5.0, 5.0, 5.0, 5.0, 5.0, 7.0, 6.0, 6.0, 7.0, 5.0, 6.0, 6.0, 6.0, 6.0, 7.0, 7.0, 6.0, 6.0, 7.0, 7.0, 7.0, 7.0, 8.0, 7.0, 8.0, 8.0, 9.0, 9.0, 10.0, 11.0, 10.0, 12.0]"
2021-03-09,53.52367426898516,0.7370826721084744,1.135886906162785,446.0,409.6668546480281,"[6.0, 9.0, 5.0, 6.0, 7.0, 6.0, 5.0, 4.0, 4.0, 5.0, 5.0, 5.0, 6.0, 5.0, 5.0, 5.0, 5.0, 5.0, 5.0, 5.0, 6.0, 6.0, 7.0, 7.0, 7.0, 7.0, 7.0, 7.0, 7.0, 7.0, 7.0, 7.0, 8.0, 8.0, 9.0, 10.0, 9.0, 9.0, 12.0, 10.0, 11.0, 14.0, 16.0]"
2021-03-10,53.79280129754207,0.7672613884337083,1.1349074934351844,470.0,403.26044514630814,"[6.0, 5.0, 6.0, 8.0, 5.0, 6.0, 7.0, 6.0, 5.0, 5.0, 5.0, 6.0, 6.0, 6.0, 6.0, 6.0, 6.0, 7.0, 7.0, 7.0, 6.0, 7.0, 6.0, 7.0, 8.0, 8.0, 9.0, 8.0, 9.0, 9.0, 8.0, 8.0, 10.0, 11.0, 11.0, 19.0]"
2021-03-11,53.96603299083462,0.7768255844810771,1.134237170827136,465.0,403.0652755933896,"[10.0, 7.0, 9.0, 5.0, 7.0, 4.0, 5.0, 6.0, 5.0, 6.0, 6.0, 5.0, 5.0, 5.0, 6.0, 6.0, 6.0, 7.0, 7.0, 6.0, 9.0, 7.0, 7.0, 8.0, 7.0, 7.0, 7.0, 8.0, 7.0, 8.0, 9.0, 9.0, 10.0, 15.0, 11.0, 11.0, 12.0, 28.0]"
2021-03-12,54.129032214425365,0.7629865953136024,1.1336293678990903,488.0,413.3559315485394,"[7.0, 5.0, 6.0, 5.0, 5.0, 5.0, 6.0, 6.0, 6.0, 6.0, 6.0, 7.0, 6.0, 6.0, 7.0, 7.0, 7.0, 9.0, 13.0, 9.0, 9.0, 9.0, 10.0, 14.0]"
2021-03-13,54.37494558828873,0.7636014033693939,1.1328664233094536,490.0,426.2504479742192,"[7.0, 9.0, 6.0, 5.0, 6.0, 6.0, 5.0, 5.0, 5.0, 5.0, 6.0, 5.0, 5.0, 6.0, 8.0, 6.0, 6.0, 6.0, 7.0, 7.0, 8.0, 9.0, 8.0, 8.0, 8.0, 8.0, 8.0, 9.0, 9.0, 9.0, 19.0, 19.0]"
2021-03-14,54.73451020614387,0.7423015395939176,1.1318966776550277,459.0,445.0209138087934,"[7.0, 7.0, 6.0, 6.0, 5.0, 5.0, 5.0, 5.0, 7.0, 5.0, 5.0, 6.0, 6.0, 6.0, 6.0, 7.0, 6.0, 6.0, 6.0, 6.0, 6.0, 6.0, 6.0, 6.0, 6.0, 6.0, 7.0, 8.0, 7.0, 7.0, 9.0, 9.0, 9.0, 9.0, 10.0, 13.0, 13.0]"
2021-03-15,55.15263306409201,0.7915701017178216,1.1308516336306207,379.0,458.0279175698727,"[5.0, 5.0, 5.0, 6.0, 5.0, 5.0, 4.0, 6.0, 5.0, 7.0, 5.0, 7.0, 7.0, 8.0, 8.0, 8.0, 8.0, 9.0, 9.0, 10.0, 10.0, 11.0, 12.0, 13.0, 16.0, 16.0, 17.0, 24.0]"
2021-03-16,55.52844957798677,0.775294454342816,1.129950486200256,363.0,467.276368409992,"[6.0, 8.0, 5.0, 5.0, 5.0, 5.0, 5.0, 5.0, 6.0, 6.0, 6.0, 6.0, 6.0, 6.0, 8.0, 7.0, 9.0, 9.0, 9.0, 9.0, 10.0, 10.0, 11.0, 11.0, 13.0, 13.0]"
2021-03-17,55.79083188653438,0.7638121308883972,1.1293282673154537,469.0,458.9780565622472,"[5.0, 6.0, 5.0, 6.0, 6.0, 4.0, 6.0, 5.0, 5.0, 5.0, 6.0, 6.0, 5.0, 6.0, 7.0, 6.0, 7.0, 7.0, 7.0, 8.0, 9.0, 8.0, 9.0, 9.0, 10.0, 10.0, 9.0, 8.0, 10.0, 10.0, 11.0, 15.0]"
2021-03-18,55.953135228127366,0.7792364653337271,1.128936031284673,445.0,439.2072545962971,"[5.0, 5.0, 5.0, 5.0, 6.0, 6.0, 6.0, 6.0, 6.0, 7.0, 7.0, 6.0, 6.0, 7.0, 8.0, 8.0, 5.0, 8.0, 8.0, 9.0, 6.0, 9.0, 10.0, 9.0, 9.0, 9.0, 11.0, 15.0, 18.0]"
2021-03-19,56.10282556468453,0.7672974204797771,1.128575199242534,463.0,428.55006262440895,"[6.0, 5.0, 5.0, 4.0, 5.0, 5.0, 5.0, 6.0, 5.0, 6.0, 6.0, 7.0, 7.0, 7.0, 7.0, 7.0, 7.0, 7.0, 7.0, 7.0, 8.0, 7.0, 7.0, 8.0, 7.0, 8.0, 8.0, 8.0, 9.0, 9.0, 11.0, 13.0, 13.0, 15.0]"
2021-03-20,56.33568089088536,0.7559676174319739,1.1280486215848555,447.0,425.2885183363912,"[5.0, 6.0, 4.0, 6.0, 5.0, 6.0, 5.0, 6.0, 6.0, 6.0, 6.0, 6.0, 6.0, 7.0, 7.0, 7.0, 7.0, 9.0, 10.0, 9.0, 10.0, 11.0, 12.0, 13.0]"
2021-03-21,56.68313199179385,0.7654391072173323,1.1273075666691246,456.0,432.1953452700436,"[5.0, 6.0, 8.0, 4.0, 5.0, 7.0, 5.0, 5.0, 5.0, 6.0, 6.0, 6.0, 6.0, 6.0, 7.0, 6.0, 6.0, 6.0, 6.0, 7.0, 7.0, 9.0, 10.0, 10.0, 10.0, 10.0, 10.0, 10.0, 13.0, 14.0, 17.0]"
2021-03-22,57.08767515162127,0.804266217502304,1.1264875477338192,415.0,441.1687767399823,"[8.0, 6.0, 4.0, 5.0, 12.0, 5.0, 5.0, 5.0, 5.0, 6.0, 7.0, 6.0, 5.0, 6.0, 6.0, 6.0, 7.0, 8.0, 10.0, 11.0, 8.0, 9.0, 9.0, 9.0, 9.0, 9.0, 9.0, 9.0, 9.0, 10.0, 10.0, 11.0, 10.0, 13.0, 14.0, 17.0]"
2021-03-23,57.44469476067509,0.7258267918360272,1.1258070029609633,346.0,450.0125332799251,"[8.0, 11.0, 6.0, 5.0, 5.0, 5.0, 5.0, 6.0, 5.0, 5.0, 5.0, 6.0, 6.0, 7.0, 6.0, 6.0, 6.0, 6.0, 6.0, 6.0, 6.0, 7.0, 6.0, 6.0, 7.0, 7.0, 7.0, 6.0, 8.0, 8.0, 14.0, 17.0]"
2021-03-24,57.68058415828517,0.7709326491490236,1.1254004193085665,428.0,445.6398443520366,"[5.0, 6.0, 5.0, 5.0, 5.0, 5.0, 5.0, 6.0, 6.0, 6.0, 7.0, 6.0, 7.0, 6.0, 6.0, 7.0, 6.0, 6.0, 7.0, 7.0, 7.0, 8.0, 8.0, 10.0, 9.0, 9.0, 9.0, 10.0, 14.0, 15.0, 14.0, 15.0]"
2021-03-25,57.80926351524254,0.7240685384078976,1.125218492968881,430.0,429.0536734474487,"[5.0, 9.0, 4.0, 5.0, 5.0, 5.0, 4.0, 5.0, 9.0, 5.0, 6.0, 5.0, 5.0, 6.0, 6.0, 6.0, 6.0, 6.0, 7.0, 6.0, 6.0, 6.0, 6.0, 7.0, 7.0, 7.0, 7.0, 7.0, 7.0, 6.0, 7.0, 8.0, 7.0, 8.0, 9.0, 10.0, 11.0, 17.0]"
2021-03-26,57.921188858459054,0.7289813540785055,1.1250624315087845,489.0,416.8438950378004,"[4.0, 6.0, 5.0, 5.0, 5.0, 5.0, 5.0, 7.0, 5.0, 6.0, 6.0, 6.0, 6.0, 6.0, 6.0, 7.0, 6.0, 7.0, 7.0, 8.0, 9.0, 8.0, 8.0, 11.0, 11.0, 12.0]"
2021-03-27,58.11515533812818,0.7770710761314024,1.1247349704125618,505.0,414.8180933527999,"[7.0, 7.0, 7.0, 14.0, 4.0, 4.0, 8.0, 5.0, 5.0, 5.0, 5.0, 7.0, 6.0, 6.0, 7.0, 7.0, 8.0, 7.0, 8.0, 8.0, 8.0, 8.0, 9.0, 9.0, 10.0, 9.0, 13.0, 13.0]"
2021-03-28,58.423310787278346,0.8054724685319828,1.1241873230049193,482.0,422.51028603806566,"[6.0, 6.0, 5.0, 7.0, 6.0, 7.0, 6.0, 6.0, 6.0, 6.0, 7.0, 7.0, 7.0, 7.0, 7.0, 8.0, 8.0, 8.0, 8.0, 7.0, 7.0, 8.0, 9.0, 9.0, 14.0, 14.0, 16.0, 25.0]"
2021-03-29,58.78608026921122,0.7820694579429793,1.1235549807283849,382.0,441.6020779666727,"[5.0, 5.0, 5.0, 5.0, 5.0, 6.0, 5.0, 5.0, 6.0, 7.0, 6.0, 7.0, 7.0, 7.0, 7.0, 7.0, 7.0, 7.0, 7.0, 8.0, 8.0, 8.0, 8.0, 8.0, 9.0, 8.0, 9.0, 11.0, 10.0, 9.0, 11.0, 11.0, 14.0]"
2021-03-30,59.095622825676166,0.7548471025647918,1.1230563790456507,447.0,460.3817859357822,"[6.0, 6.0, 6.0, 7.0, 5.0, 5.0, 5.0, 6.0, 6.0, 5.0, 5.0, 6.0, 6.0, 7.0, 7.0, 6.0, 7.0, 7.0, 7.0, 8.0, 7.0, 7.0, 6.0, 6.0, 6.0, 7.0, 7.0, 8.0, 7.0, 8.0, 8.0, 9.0, 11.0, 11.0, 15.0]"
2021-03-31,59.27640971488101,0.772747442330703,1.122826017786623,506.0,459.78868037683776,"[5.0, 5.0, 5.0, 5.0, 6.0, 6.0, 6.0, 6.0, 7.0, 7.0, 5.0, 5.0, 6.0, 7.0, 7.0, 8.0, 7.0, 8.0, 7.0, 7.0, 8.0, 7.0, 7.0, 7.0, 7.0, 9.0, 9.0, 10.0, 10.0, 11.0, 12.0, 13.0]"
2021-04-01,59.34314481179458,0.7920671411499807,1.1228146268234256,551.0,454.1307882915645,"[5.0, 6.0, 6.0, 6.0, 6.0, 5.0, 5.0, 5.0, 6.0, 6.0, 6.0, 6.0, 7.0, 6.0, 6.0, 6.0, 7.0, 8.0, 6.0, 7.0, 7.0, 6.0, 6.0, 8.0, 6.0, 7.0, 6.0, 7.0, 8.0, 8.0, 9.0, 8.0, 9.0, 9.0, 10.0, 11.0, 12.0, 12.0, 11.0, 12.0, 19.0, 15.0, 17.0, 18.0]"
2021-04-02,59.38903909795591,0.7658898897640299,1.1228234804117017,557.0,454.10004064706095,"[7.0, 7.0, 7.0, 5.0, 4.0, 4.0, 5.0, 5.0, 4.0, 5.0, 5.0, 5.0, 5.0, 5.0, 5.0, 6.0, 7.0, 6.0, 6.0, 7.0, 7.0, 9.0, 8.0, 8.0, 8.0, 8.0, 8.0, 8.0, 8.0, 9.0, 9.0, 10.0, 10.0, 11.0, 13.0, 11.0, 12.0, 12.0, 17.0, 18.0]"
2021-04-03,59.51551219627143,0.7873958193890815,1.122655430602867,543.0,469.86001244900586,"[6.0, 6.0, 4.0, 5.0, 6.0, 6.0, 5.0, 5.0, 5.0, 6.0, 6.0, 7.0, 7.0, 7.0, 8.0, 9.0, 8.0, 8.0, 9.0, 8.0, 10.0, 10.0, 10.0, 10.0, 10.0, 11.0, 13.0, 12.0]"
2021-04-04,59.75542234072056,0.74440637169506,1.1222618747793174,543.0,492.2030952813405,"[6.0, 6.0, 6.0, 8.0, 4.0, 4.0, 5.0, 6.0, 6.0, 6.0, 6.0, 6.0, 7.0, 6.0, 7.0, 7.0, 8.0, 7.0, 7.0, 9.0, 9.0, 13.0, 25.0]"
2021-04-05,60.047877674529374,0.8415773739639361,1.1217785689361557,473.0,509.0514454498788,"[6.0, 8.0, 5.0, 6.0, 5.0, 5.0, 6.0, 6.0, 7.0, 7.0, 6.0, 7.0, 6.0, 6.0, 6.0, 6.0, 8.0, 7.0, 9.0, 7.0, 8.0, 8.0, 8.0, 9.0, 9.0, 10.0, 9.0, 10.0, 15.0, 9.0, 10.0, 9.0, 10.0, 11.0, 12.0, 11.0, 12.0, 13.0, 13.0, 14.0, 14.0, 14.0, 14.0, 17.0]"
2021-04-06,60.28319722784045,0.7621600124538536,1.121424296675934,478.0,530.8898651425975,"[6.0, 5.0, 6.0, 6.0, 6.0, 6.0, 5.0, 7.0, 5.0, 5.0, 6.0, 6.0, 5.0, 6.0, 6.0, 8.0, 6.0, 6.0, 6.0, 5.0, 6.0, 7.0, 7.0, 7.0, 7.0, 7.0, 8.0, 8.0, 8.0, 9.0, 8.0, 8.0, 8.0, 10.0, 9.0, 9.0, 10.0, 11.0, 16.0]"
2021-04-07,60.38534156356701,0.8018912071561425,1.121333979591998,668.0,526.7045827444434,"[9.0, 5.0, 5.0, 5.0, 6.0, 6.0, 5.0, 5.0, 5.0, 5.0, 5.0, 6.0, 5.0, 7.0, 6.0, 7.0, 6.0, 6.0, 7.0, 6.0, 6.0, 7.0, 7.0, 7.0, 6.0, 8.0, 9.0, 9.0, 7.0, 8.0, 8.0, 7.0, 8.0, 7.0, 8.0, 8.0, 8.0, 8.0, 8.0, 9.0, 8.0, 10.0, 9.0, 9.0, 10.0, 11.0, 12.0, 11.0, 13.0, 13.0, 14.0, 14.0, 15.0, 15.0, 19.0]"
2021-04-08,60.37058877094589,0.7710152821672299,1.1214588202532954,700.0,517.5658772930735,"[9.0, 8.0, 9.0, 7.0, 6.0, 4.0, 6.0, 6.0, 5.0, 6.0, 6.0, 5.0, 5.0, 5.0, 5.0, 5.0, 5.0, 5.0, 6.0, 5.0, 5.0, 6.0, 7.0, 6.0, 5.0, 6.0, 7.0, 6.0, 6.0, 6.0, 6.0, 7.0, 7.0, 7.0, 6.0, 7.0, 7.0, 7.0, 8.0, 8.0, 7.0, 7.0, 11.0, 8.0, 9.0, 9.0, 8.0, 10.0, 10.0, 10.0, 9.0, 9.0, 10.0, 10.0, 10.0, 11.0, 12.0, 12.0, 13.0, 26.0]"
2021-04-09,60.3349314360749,0.7937482672402588,1.1216005847266888,670.0,529.8859923077883,"[5.0, 6.0, 4.0, 5.0, 5.0, 7.0, 5.0, 6.0, 6.0, 7.0, 6.0, 6.0, 6.0, 5.0, 6.0, 5.0, 6.0, 6.0, 6.0, 7.0, 6.0, 7.0, 6.0, 6.0, 7.0, 9.0, 7.0, 7.0, 6.0, 8.0, 8.0, 10.0, 7.0, 8.0, 8.0, 7.0, 7.0, 7.0, 9.0, 8.0, 8.0, 9.0, 9.0, 9.0, 9.0, 9.0, 10.0, 11.0, 10.0, 11.0, 12.0, 11.0, 12.0, 13.0, 13.0, 15.0, 17.0]"
2021-04-10,60.38214520420143,0.7983099198749105,1.1215626007160686,677.0,561.263138920779,"[7.0, 5.0, 5.0, 10.0, 7.0, 5.0, 5.0, 5.0, 6.0, 6.0, 7.0, 5.0, 6.0, 6.0, 6.0, 6.0, 6.0, 6.0, 7.0, 7.0, 6.0, 6.0, 7.0, 7.0, 10.0, 8.0, 8.0, 7.0, 7.0, 8.0, 7.0, 8.0, 8.0, 10.0, 9.0, 8.0, 8.0, 10.0, 9.0, 9.0, 10.0, 9.0, 11.0, 11.0, 11.0, 11.0, 14.0, 21.0]"
2021-04-11,60.545910965350494,0.7660401449016616,1.1212966927446952,614.0,598.0276246915214,"[8.0, 6.0, 6.0, 6.0, 5.0, 5.0, 6.0, 4.0, 5.0, 6.0, 6.0, 6.0, 6.0, 6.0, 6.0, 7.0, 7.0, 6.0, 7.0, 8.0, 6.0, 6.0, 7.0, 8.0, 8.0, 7.0, 7.0, 7.0, 7.0, 8.0, 9.0, 8.0, 10.0, 11.0, 12.0, 13.0, 13.0]"
2021-04-12,60.76476970699692,0.7750889272943546,1.120938971791135,587.0,630.435665516452,"[6.0, 16.0, 4.0, 5.0, 5.0, 4.0, 6.0, 7.0, 5.0, 6.0, 5.0, 6.0, 5.0, 5.0, 6.0, 5.0, 6.0, 6.0, 6.0, 6.0, 7.0, 6.0, 7.0, 7.0, 6.0, 6.0, 7.0, 7.0, 7.0, 7.0, 6.0, 7.0, 9.0, 7.0, 7.0, 7.0, 8.0, 7.0, 8.0, 8.0, 9.0, 8.0, 8.0, 9.0, 9.0, 10.0, 9.0, 10.0, 10.0, 12.0, 12.0, 15.0, 14.0, 16.0, 18.0]"
2021-04-13,60.92815022920612,0.7723631571767562,1.120708493173869,542.0,646.6764550866808,"[6.0, 5.0, 8.0, 5.0, 5.0, 5.0, 5.0, 5.0, 5.0, 5.0, 5.0, 5.0, 6.0, 6.0, 7.0, 6.0, 5.0, 7.0, 6.0, 6.0, 5.0, 6.0, 7.0, 6.0, 6.0, 7.0, 6.0, 23.0, 7.0, 6.0, 6.0, 6.0, 6.0, 7.0, 7.0, 8.0, 7.0, 8.0, 7.0, 9.0, 9.0, 8.0, 9.0, 9.0, 9.0, 9.0, 10.0, 10.0, 12.0, 12.0, 13.0, 13.0, 12.0, 13.0, 15.0, 18.0]"
2021-04-14,60.959848275946975,0.7689303192617536,1.1207403689943114,731.0,642.6498731701081,"[6.0, 8.0, 6.0, 6.0, 4.0, 6.0, 5.0, 6.0, 5.0, 5.0, 5.0, 6.0, 6.0, 5.0, 5.0, 7.0, 5.0, 6.0, 6.0, 5.0, 6.0, 6.0, 7.0, 6.0, 6.0, 6.0, 7.0, 7.0, 7.0, 7.0, 7.0, 8.0, 7.0, 8.0, 7.0, 7.0, 8.0, 8.0, 7.0, 7.0, 8.0, 8.0, 9.0, 9.0, 9.0, 9.0, 10.0, 10.0, 11.0, 12.0, 11.0, 14.0, 15.0, 18.0]"
2021-04-15,60.87696205281643,0.7261608678636551,1.120985923452514,698.0,620.6649907873455,"[7.0, 9.0, 5.0, 17.0, 5.0, 8.0, 9.0, 5.0, 4.0, 5.0, 5.0, 7.0, 5.0, 5.0, 6.0, 6.0, 5.0, 6.0, 6.0, 5.0, 5.0, 5.0, 6.0, 6.0, 6.0, 6.0, 7.0, 7.0, 6.0, 6.0, 6.0, 6.0, 6.0, 7.0, 6.0, 6.0, 6.0, 6.0, 6.0, 7.0, 6.0, 7.0, 7.0, 7.0, 7.0, 8.0, 9.0, 9.0, 10.0, 11.0, 11.0]"
2021-04-16,60.77668607983816,0.7437731656248301,1.1212469927109685,673.0,620.5721276295183,"[6.0, 10.0, 5.0, 9.0, 5.0, 5.0, 5.0, 5.0, 5.0, 5.0, 6.0, 5.0, 5.0, 6.0, 6.0, 5.0, 5.0, 5.0, 6.0, 6.0, 7.0, 6.0, 6.0, 7.0, 8.0, 7.0, 6.0, 6.0, 6.0, 6.0, 7.0, 7.0, 6.0, 6.0, 7.0, 8.0, 7.0, 8.0, 8.0, 9.0, 9.0, 10.0, 10.0, 10.0, 11.0, 13.0, 16.0]"
2021-04-17,60.76356264838164,0.7858688638440865,1.1213269398421315,658.0,636.093932023729,"[8.0, 7.0, 6.0, 6.0, 7.0, 6.0, 5.0, 5.0, 6.0, 4.0, 5.0, 5.0, 7.0, 5.0, 6.0, 9.0, 6.0, 5.0, 6.0, 6.0, 6.0, 7.0, 6.0, 6.0, 5.0, 7.0, 6.0, 6.0, 7.0, 7.0, 6.0, 8.0, 6.0, 7.0, 7.0, 7.0, 7.0, 7.0, 8.0, 8.0, 8.0, 7.0, 8.0, 9.0, 9.0, 9.0, 8.0, 9.0, 10.0, 11.0, 9.0, 10.0, 11.0, 10.0, 10.0, 11.0, 10.0, 11.0, 12.0, 14.0, 18.0]"
2021-04-18,60.87123156386943,0.7747222875191909,1.121177601830618,671.0,650.7262664988913,"[7.0, 10.0, 5.0, 7.0, 7.0, 7.0, 6.0, 4.0, 6.0, 6.0, 5.0, 5.0, 5.0, 6.0, 6.0, 5.0, 6.0, 6.0, 6.0, 6.0, 6.0, 6.0, 6.0, 7.0, 6.0, 6.0, 7.0, 7.0, 8.0, 7.0, 8.0, 8.0, 9.0, 8.0, 7.0, 8.0, 10.0, 10.0, 10.0, 8.0, 9.0, 10.0, 11.0, 12.0, 18.0, 17.0]"
2021-04-19,61.03766275718412,0.7667629376750685,1.1209350828091038,532.0,662.3053137156195,"[9.0, 1.0, 6.0, 6.0, 5.0, 6.0, 6.0, 14.0, 5.0, 19.0, 5.0, 5.0, 5.0, 6.0, 5.0, 5.0, 6.0, 6.0, 5.0, 6.0, 6.0, 5.0, 6.0, 6.0, 6.0, 6.0, 6.0, 6.0, 6.0, 7.0, 7.0, 6.0, 7.0, 6.0, 7.0, 7.0, 6.0, 6.0, 7.0, 6.0, 6.0, 7.0, 7.0, 7.0, 7.0, 7.0, 10.0, 7.0, 8.0, 7.0, 7.0, 7.0, 7.0, 8.0, 8.0, 7.0, 8.0, 8.0, 8.0, 7.0, 9.0, 11.0, 9.0, 8.0, 9.0, 9.0, 9.0, 9.0, 9.0, 10.0, 11.0, 12.0, 12.0, 12.0, 19.0]"
2021-04-20,61.15177593361061,0.7782669486583562,1.1208184041538052,549.0,670.3684090619447,"[7.0, 6.0, 6.0, 13.0, 6.0, 5.0, 5.0, 8.0, 5.0, 6.0, 6.0, 6.0, 6.0, 6.0, 6.0, 6.0, 6.0, 6.0, 4.0, 6.0, 5.0, 6.0, 5.0, 6.0, 6.0, 7.0, 7.0, 7.0, 7.0, 6.0, 10.0, 7.0, 7.0, 7.0, 8.0, 6.0, 8.0, 9.0, 9.0, 8.0, 9.0, 10.0, 10.0, 10.0, 11.0, 11.0, 11.0, 11.0, 11.0, 12.0, 15.0]"
2021-04-21,61.137321116050565,0.7520679145433861,1.1209625937789949,731.0,652.7554621195585,"[6.0, 5.0, 7.0, 11.0, 5.0, 5.0, 5.0, 7.0, 5.0, 5.0, 6.0, 5.0, 5.0, 5.0, 5.0, 6.0, 6.0, 6.0, 6.0, 6.0, 6.0, 6.0, 6.0, 6.0, 6.0, 6.0, 7.0, 6.0, 6.0, 7.0, 7.0, 7.0, 6.0, 7.0, 7.0, 8.0, 7.0, 7.0, 7.0, 8.0, 7.0, 8.0, 7.0, 9.0, 8.0, 9.0, 10.0, 10.0, 12.0, 13.0, 14.0, 16.0]"
2021-04-22,61.01176727853983,0.7554163222919887,1.121318799123009,735.0,623.6219879423983,"[5.0, 10.0, 11.0, 9.0, 10.0, 6.0, 6.0, 7.0, 5.0, 6.0, 5.0, 5.0, 5.0, 6.0, 5.0, 5.0, 5.0, 6.0, 6.0, 6.0, 5.0, 5.0, 5.0, 6.0, 6.0, 6.0, 7.0, 6.0, 6.0, 6.0, 6.0, 6.0, 7.0, 6.0, 7.0, 6.0, 7.0, 7.0, 6.0, 7.0, 7.0, 7.0, 8.0, 8.0, 8.0, 10.0, 8.0, 8.0, 8.0, 10.0, 9.0, 10.0, 9.0, 10.0, 12.0, 19.0]"
2021-04-23,60.87274462848593,0.7666531937640503,1.1216885250925022,797.0,622.7355890077076,"[7.0, 5.0, 12.0, 7.0, 5.0, 5.0, 5.0, 5.0, 3.0, 5.0, 5.0, 6.0, 5.0, 6.0, 6.0, 6.0, 6.0, 6.0, 6.0, 6.0, 6.0, 6.0, 7.0, 7.0, 7.0, 9.0, 8.0, 6.0, 9.0, 9.0, 8.0, 8.0, 9.0, 8.0, 8.0, 8.0, 9.0, 12.0, 14.0, 14.0, 15.0, 15.0, 16.0]"
2021-04-24,60.82488408800463,0.7464051869429073,1.1218795493661031,777.0,638.7518496017843,"[7.0, 8.0, 7.0, 8.0, 15.0, 7.0, 4.0, 4.0, 5.0, 4.0, 7.0, 5.0, 4.0, 5.0, 5.0, 5.0, 5.0, 5.0, 5.0, 6.0, 6.0, 6.0, 6.0, 6.0, 6.0, 5.0, 6.0, 7.0, 6.0, 6.0, 7.0, 6.0, 6.0, 7.0, 8.0, 8.0, 7.0, 8.0, 7.0, 7.0, 8.0, 8.0, 12.0, 8.0, 9.0, 8.0, 8.0, 15.0, 8.0, 11.0, 12.0, 12.0, 16.0]"
2021-04-25,60.901744335332026,0.7711913096217669,1.1218469105682265,644.0,672.8509935865615,"[6.0, 7.0, 6.0, 6.0, 6.0, 8.0, 5.0, 5.0, 5.0, 5.0, 5.0, 5.0, 6.0, 6.0, 7.0, 7.0, 6.0, 6.0, 7.0, 8.0, 8.0, 8.0, 8.0, 9.0, 9.0, 8.0, 9.0, 9.0, 9.0, 11.0, 11.0, 12.0]"
2021-04-26,61.04076992085322,0.7622851483798365,1.1217472562199269,499.0,713.4832781928876,"[7.0, 6.0, 7.0, 11.0, 6.0, 6.0, 5.0, 5.0, 11.0, 11.0, 9.0, 4.0, 7.0, 5.0, 5.0, 5.0, 5.0, 5.0, 6.0, 6.0, 5.0, 5.0, 5.0, 5.0, 6.0, 6.0, 6.0, 7.0, 5.0, 7.0, 7.0, 6.0, 7.0, 6.0, 7.0, 7.0, 7.0, 7.0, 8.0, 8.0, 8.0, 8.0, 8.0, 8.0, 10.0, 10.0, 11.0, 11.0, 11.0, 11.0, 11.0, 11.0, 11.0]"
2021-04-27,61.12982886835603,0.7454964563390512,1.1218473048835131,512.0,727.2849855283924,"[10.0, 6.0, 6.0, 5.0, 8.0, 5.0, 4.0, 4.0, 5.0, 5.0, 5.0, 5.0, 6.0, 6.0, 6.0, 6.0, 6.0, 7.0, 6.0, 6.0, 6.0, 6.0, 6.0, 7.0, 6.0, 7.0, 8.0, 8.0, 8.0, 7.0, 8.0, 9.0, 9.0, 11.0, 10.0, 11.0, 12.0, 21.0]"
2021-04-28,61.09051145114064,0.7885491198645511,1.1223777190633346,769.0,694.3970208687404,"[8.0, 7.0, 6.0, 7.0, 8.0, 7.0, 5.0, 6.0, 7.0, 4.0, 5.0, 5.0, 5.0, 5.0, 5.0, 6.0, 5.0, 7.0, 7.0, 7.0, 7.0, 6.0, 6.0, 6.0, 6.0, 6.0, 7.0, 7.0, 7.0, 8.0, 8.0, 9.0, 9.0, 10.0, 9.0, 9.0, 9.0, 9.0, 10.0, 10.0, 9.0, 9.0, 10.0, 10.0, 11.0, 12.0, 13.0, 14.0]"
2021-04-29,60.93663534771108,0.7869957570063248,1.1234417072429572,679.0,650.3202411462183,"[7.0, 6.0, 6.0, 7.0, 5.0, 6.0, 6.0, 6.0, 5.0, 5.0, 6.0, 6.0, 6.0, 7.0, 7.0, 7.0, 9.0, 8.0, 8.0, 8.0, 8.0, 9.0, 9.0, 9.0, 10.0, 10.0, 11.0, 12.0]"
2021-04-30,60.76141646314033,0.7981764611785449,1.125017017559659,661.0,635.9012776911723,"[6.0, 12.0, 8.0, 6.0, 4.0, 5.0, 5.0, 7.0, 5.0, 5.0, 6.0, 5.0, 6.0, 6.0, 9.0, 7.0, 6.0, 7.0, 7.0, 8.0, 8.0, 8.0, 8.0, 9.0, 8.0, 8.0, 8.0, 9.0, 8.0, 9.0, 10.0, 10.0, 10.0, 10.0, 11.0, 14.0, 14.0]"
2021-05-01,60.666981305977934,0.7907513539960679,1.1270097615535135,627.0,634.0211943303207,"[6.0, 11.0, 11.0, 12.0, 7.0, 5.0, 5.0, 6.0, 5.0, 6.0, 6.0, 6.0, 6.0, 6.0, 6.0, 6.0, 6.0, 6.0, 7.0, 6.0, 7.0, 7.0, 9.0, 7.0, 7.0, 8.0, 8.0, 9.0, 10.0, 10.0, 11.0, 11.0, 11.0, 12.0]"
2021-05-02,60.68996490240516,0.7533975021418912,1.1292615833261683,606.0,644.0720379137064,"[5.0, 6.0, 7.0, 12.0, 6.0, 9.0, 5.0, 7.0, 5.0, 6.0, 5.0, 20.0, 6.0, 5.0, 6.0, 6.0, 6.0, 7.0, 7.0, 8.0, 9.0, 9.0, 9.0]"
2021-05-03,60.77971980218245,0.732967594939522,1.1314960921824753,488.0,655.5716426040706,"[7.0, 5.0, 5.0, 4.0, 5.0, 5.0, 5.0, 5.0, 5.0, 5.0, 6.0, 6.0, 6.0, 5.0, 6.0, 7.0, 7.0, 6.0, 6.0, 6.0, 6.0, 6.0, 6.0, 7.0, 6.0, 7.0, 7.0, 7.0, 8.0, 8.0, 10.0, 8.0, 8.0, 8.0, 9.0, 8.0, 9.0, 11.0, 13.0]"
2021-05-04,60.8433260188697,0.7359359989868407,1.1332939551492782,541.0,650.4747375934977,"[8.0, 7.0, 4.0, 5.0, 7.0, 6.0, 6.0, 5.0, 5.0, 5.0, 6.0, 6.0, 6.0, 6.0, 5.0, 7.0, 7.0, 8.0, 7.0, 7.0, 7.0, 7.0, 7.0, 7.0, 7.0, 8.0, 9.0, 15.0]"
2021-05-05,60.82183608511588,0.744130986701918,1.1341909094149172,676.0,622.2495930968041,"[5.0, 7.0, 6.0, 6.0, 7.0, 5.0, 5.0, 6.0, 5.0, 6.0, 6.0, 6.0, 5.0, 6.0, 6.0, 6.0, 6.0, 6.0, 6.0, 7.0, 8.0, 7.0, 6.0, 7.0, 7.0, 8.0, 7.0, 8.0, 9.0, 11.0, 11.0, 15.0]"
2021-05-06,60.7397672362689,0.7179986261652711,1.1338901521243514,574.0,587.5145768557998,"[7.0, 6.0, 5.0, 14.0, 8.0, 6.0, 4.0, 5.0, 6.0, 7.0, 5.0, 6.0, 9.0, 5.0, 5.0, 5.0, 6.0, 7.0, 5.0, 8.0, 5.0, 6.0, 6.0, 6.0, 6.0, 6.0, 6.0, 6.0, 5.0, 6.0, 5.0, 5.0, 8.0, 5.0, 6.0, 8.0, 6.0, 7.0, 7.0, 8.0, 8.0, 9.0, 11.0, 14.0]"
2021-05-07,60.68783467715448,0.7374404230835236,1.1324364254810324,525.0,582.7541991967903,"[7.0, 5.0, 7.0, 7.0, 13.0, 6.0, 6.0, 6.0, 5.0, 6.0, 5.0, 7.0, 4.0, 5.0, 5.0, 6.0, 6.0, 6.0, 7.0, 7.0, 6.0, 6.0, 7.0, 7.0, 9.0, 10.0, 12.0, 14.0]"
2021-05-08,60.75464561388162,0.7411898445996112,1.1302322278771917,701.0,583.4994438399262,"[6.0, 5.0, 4.0, 5.0, 6.0, 5.0, 5.0, 6.0, 6.0, 6.0, 6.0, 7.0, 7.0, 7.0, 7.0, 8.0, 8.0, 9.0, 11.0, 12.0, 12.0]"
2021-05-09,60.95746798255287,0.7621500517856985,1.1278666524767365,564.0,581.1196630205528,"[6.0, 5.0, 5.0, 5.0, 5.0, 5.0, 6.0, 5.0, 8.0, 7.0, 6.0, 7.0, 7.0, 8.0, 8.0, 10.0, 10.0, 12.0, 12.0, 12.0]"
2021-05-10,61.22350407526048,0.7860941729828228,1.1259049137826826,463.0,592.7859620664403,"[11.0, 6.0, 6.0, 5.0, 5.0, 4.0, 6.0, 5.0, 6.0, 5.0, 6.0, 6.0, 6.0, 6.0, 6.0, 7.0, 6.0, 7.0, 7.0, 8.0, 7.0, 8.0, 8.0, 8.0, 8.0, 8.0, 9.0, 9.0, 9.0, 10.0, 10.0, 10.0, 12.0, 12.0, 12.0, 13.0]"
2021-05-11,61.43764924501733,0.8190206566779058,1.1247204470827594,510.0,597.1678067583757,"[6.0, 8.0, 13.0, 6.0, 4.0, 6.0, 6.0, 5.0, 6.0, 7.0, 7.0, 6.0, 6.0, 7.0, 7.0, 7.0, 8.0, 8.0, 8.0, 8.0, 8.0, 8.0, 9.0, 8.0, 10.0, 10.0, 10.0, 11.0, 12.0, 17.0, 16.0, 32.0]"
2021-05-12,61.52351290586744,0.7419601767948711,1.124438219064679,634.0,581.1580516152198,"[5.0, 5.0, 4.0, 10.0, 6.0, 6.0, 5.0, 5.0, 5.0, 5.0, 6.0, 6.0, 7.0, 7.0, 7.0, 8.0, 7.0, 7.0, 8.0, 9.0, 11.0, 12.0, 15.0]"
2021-05-13,61.49897315404074,0.7945923958188749,1.124983210555503,715.0,561.0884678185337,"[5.0, 7.0, 6.0, 6.0, 6.0, 6.0, 9.0, 6.0, 6.0, 6.0, 7.0, 6.0, 8.0, 8.0, 8.0, 9.0, 10.0, 9.0, 14.0, 20.0]"
2021-05-14,61.461383653269294,0.73715630203765,1.1261797483426452,1428.0,553.0555017874337,"[11.0, 5.0, 4.0, 4.0, 5.0, 9.0, 5.0, 5.0, 6.0, 5.0, 6.0, 6.0, 7.0, 7.0, 7.0, 7.0, 7.0, 9.0, 11.0, 10.0, 11.0, 8.0]"
2021-05-15,61.516077687527726,0.7483565006577901,1.1278378144699035,610.0,576.6549136488821,"[6.0, 9.0, 4.0, 5.0, 5.0, 6.0, 6.0, 5.0, 5.0, 6.0, 5.0, 6.0, 7.0, 6.0, 7.0, 7.0, 7.0, 7.0, 7.0, 8.0, 8.0, 8.0, 9.0, 10.0, 11.0, 17.0]"
2021-05-16,61.70116608763534,0.8009414016710962,1.1297519339499322,619.0,700.4273259361213,"[5.0, 7.0, 4.0, 6.0, 6.0, 6.0, 7.0, 7.0, 6.0, 7.0, 7.0, 8.0, 8.0, 10.0, 11.0, 8.0, 9.0, 12.0, 15.0, 17.0]"
2021-05-17,61.965103343960834,0.7670465364567733,1.1316269364410658,528.0,786.9840591710488,"[5.0, 5.0, 5.0, 5.0, 5.0, 8.0, 5.0, 6.0, 6.0, 6.0, 6.0, 6.0, 6.0, 6.0, 6.0, 7.0, 7.0, 8.0, 8.0, 9.0, 8.0, 8.0, 10.0, 9.0, 11.0, 11.0, 13.0, 14.0]"
2021-05-18,62.211711113606384,0.7961357831283896,1.1330432152762762,654.0,793.0576632961174,"[5.0, 6.0, 7.0, 7.0, 5.0, 5.0, 6.0, 6.0, 7.0, 7.0, 8.0, 7.0, 8.0, 6.0, 8.0, 7.0, 8.0, 7.0, 7.0, 8.0, 10.0, 12.0, 12.0, 12.0, 15.0]"
2021-05-19,62.37817868657912,0.7399380885060268,1.1335360349264,646.0,771.0208754815303,"[7.0, 4.0, 6.0, 9.0, 5.0, 5.0, 5.0, 6.0, 6.0, 6.0, 6.0, 6.0, 7.0, 6.0, 6.0, 7.0, 6.0, 7.0, 8.0, 7.0, 8.0, 8.0, 8.0, 9.0, 5.0, 5.0, 5.0, 6.0, 7.0, 8.0, 7.0, 7.0, 11.0, 13.0]"
2021-05-20,62.48633533751983,0.6734494086992353,1.1328136479252977,561.0,691.5097318302045,"[5.0, 5.0, 5.0, 5.0, 6.0, 5.0, 6.0, 5.0, 5.0, 6.0, 6.0, 6.0, 7.0, 6.0, 7.0, 7.0, 6.0, 5.0, 5.0, 6.0, 6.0, 6.0, 6.0, 10.0]"
2021-05-21,62.62638156894141,0.7271047183420326,1.1309262311631894,666.0,654.8877742101736,"[8.0, 7.0, 4.0, 5.0, 6.0, 5.0, 5.0, 5.0, 5.0, 5.0, 5.0, 5.0, 6.0, 5.0, 5.0, 6.0, 8.0, 8.0, 8.0, 9.0, 9.0, 11.0, 11.0, 15.0, 15.0]"
2021-05-22,62.887480728496136,0.6757659078758453,1.1282769709176677,585.0,615.6823123701937,"[4.0, 4.0, 4.0, 5.0, 5.0, 5.0, 6.0, 6.0, 6.0, 6.0, 7.0, 7.0, 6.0, 5.0, 5.0, 6.0, 7.0, 7.0, 7.0, 9.0, 20.0]"
2021-05-23,63.28570842502394,0.766728412119074,1.1254566762220894,538.0,622.9752748489383,"[5.0, 16.0, 5.0, 5.0, 5.0, 6.0, 6.0, 6.0, 6.0, 6.0, 6.0, 7.0, 6.0, 7.0, 8.0, 7.0, 8.0, 8.0, 8.0, 10.0, 16.0, 21.0]"
2021-05-24,63.74394580886384,0.7303917147995622,1.1230146244535972,516.0,616.1338701520186,"[5.0, 5.0, 6.0, 5.0, 5.0, 6.0, 6.0, 6.0, 6.0, 6.0, 7.0, 7.0, 7.0, 7.0, 8.0, 8.0, 9.0, 9.0]"
2021-05-25,64.14072777530558,0.7394217573281803,1.1212807798820146,705.0,606.4036832527331,"[4.0, 12.0, 6.0, 5.0, 7.0, 5.0, 5.0, 5.0, 5.0, 5.0, 6.0, 6.0, 6.0, 6.0, 7.0, 8.0, 8.0, 8.0, 8.0, 11.0, 15.0, 17.0]"
2021-05-26,64.39509100063344,0.8083945138866786,1.1202932684003148,629.0,588.5579398684658,"[9.0, 6.0, 5.0, 6.0, 5.0, 5.0, 6.0, 6.0, 6.0, 6.0, 7.0, 7.0, 12.0, 12.0, 14.0, 15.0, 8.0, 9.0, 9.0, 8.0, 8.0, 11.0, 16.0]"
2021-05-27,64.52603581106727,0.7905951501457334,1.119832472638805,587.0,589.9347184893803,"[9.0, 4.0, 6.0, 6.0, 6.0, 6.0, 7.0, 7.0, 7.0, 7.0, 8.0, 7.0, 8.0, 10.0, 14.0, 13.0]"
2021-05-28,64.63684133220868,0.7935723817994749,1.1195711914208206,533.0,598.5488291996014,"[10.0, 7.0, 9.0, 9.0, 8.0, 8.0, 6.0, 4.0, 6.0, 5.0, 5.0, 6.0, 6.0, 6.0, 7.0, 6.0, 6.0, 7.0, 7.0, 8.0, 7.0, 8.0, 8.0, 9.0, 8.0, 10.0, 12.0, 13.0, 18.0]"
2021-05-29,64.83760479243375,0.7938214235471025,1.1192678482256375,480.0,604.9218926264255,"[8.0, 6.0, 7.0, 4.0, 5.0, 5.0, 5.0, 6.0, 6.0, 7.0, 7.0, 7.0, 7.0, 7.0, 8.0, 8.0, 8.0, 9.0, 9.0, 9.0, 10.0, 10.0, 11.0, 11.0, 17.0]"
2021-05-30,65.16117398932721,0.7343484171766157,1.1189257858561872,430.0,602.4291781209638,"[6.0, 10.0, 5.0, 6.0, 5.0, 4.0, 5.0, 5.0, 5.0, 5.0, 5.0, 5.0, 5.0, 6.0, 6.0, 7.0, 6.0, 6.0, 6.0, 6.0, 7.0, 7.0, 7.0, 8.0, 9.0, 8.0, 8.0, 8.0, 9.0, 9.0, 10.0, 11.0, 11.0]"
2021-05-31,65.53555279173491,0.7640190938545222,1.1188167245698049,459.0,579.3961416234728,"[6.0, 7.0, 5.0, 5.0, 7.0, 5.0, 5.0, 6.0, 6.0, 6.0, 6.0, 6.0, 7.0, 7.0, 6.0, 6.0, 7.0, 7.0, 8.0, 8.0, 9.0, 9.0, 8.0, 10.0, 9.0, 9.0, 10.0]"
2021-06-01,65.83371920813602,0.7470953868573993,1.1193372391620964,677.0,541.080808769015,"[6.0, 6.0, 6.0, 8.0, 9.0, 6.0, 5.0, 6.0, 5.0, 5.0, 5.0, 5.0, 5.0, 6.0, 6.0, 6.0, 6.0, 7.0, 7.0, 8.0, 6.0, 6.0, 6.0, 7.0, 6.0, 6.0, 7.0, 7.0, 7.0, 7.0, 7.0, 8.0, 8.0, 8.0, 8.0, 9.0, 12.0, 14.0]"
2021-06-02,65.9671069994512,0.725595973949275,1.1207260248991002,681.0,503.0189754656449,"[5.0, 4.0, 10.0, 5.0, 5.0, 7.0, 6.0, 5.0, 7.0, 5.0, 5.0, 6.0, 6.0, 7.0, 6.0, 6.0, 7.0, 8.0, 7.0, 7.0, 8.0, 7.0, 10.0, 11.0]"
2021-06-03,65.95416076295787,0.6949501391267086,1.1228301272268493,695.0,508.4081647602108,"[6.0, 5.0, 4.0, 5.0, 5.0, 7.0, 4.0, 5.0, 4.0, 5.0, 5.0, 6.0, 5.0, 5.0, 5.0, 7.0, 6.0, 6.0, 6.0, 6.0, 8.0, 5.0, 7.0, 9.0, 7.0, 7.0, 8.0, 9.0, 10.0, 11.0, 12.0]"
2021-06-04,65.90961151556526,0.7145810872104397,1.1250448903390633,744.0,544.6125530713789,"[5.0, 6.0, 6.0, 5.0, 6.0, 7.0, 4.0, 4.0, 5.0, 6.0, 17.0, 5.0, 5.0, 5.0, 5.0, 5.0, 7.0, 8.0, 6.0, 6.0, 6.0, 6.0, 6.0, 7.0, 6.0, 7.0, 7.0, 6.0, 6.0, 6.0, 6.0, 7.0, 7.0, 8.0, 7.0, 11.0, 13.0, 15.0]"
2021-06-05,65.96355318974273,0.7389974884979876,1.126541408243951,556.0,591.752821909859,"[6.0, 9.0, 6.0, 9.0, 6.0, 8.0, 5.0, 5.0, 5.0, 5.0, 5.0, 5.0, 6.0, 5.0, 5.0, 6.0, 6.0, 6.0, 6.0, 6.0, 7.0, 7.0, 12.0, 8.0, 7.0, 5.0, 8.0, 9.0, 8.0, 8.0, 9.0, 14.0]"
2021-06-06,66.16872111846058,0.7219849988188355,1.1266783824289162,485.0,648.5813967396576,"[5.0, 15.0, 6.0, 5.0, 6.0, 4.0, 5.0, 6.0, 6.0, 5.0, 6.0, 6.0, 5.0, 5.0, 6.0, 7.0, 6.0, 6.0, 6.0, 6.0, 7.0, 8.0, 10.0, 10.0, 11.0, 13.0]"
2021-06-07,66.46416257407537,0.7809627218017484,1.125350159365366,454.0,649.6441794640285,"[8.0, 6.0, 8.0, 7.0, 5.0, 7.0, 5.0, 5.0, 6.0, 4.0, 7.0, 6.0, 6.0, 7.0, 7.0, 8.0, 9.0, 8.0, 9.0, 10.0, 12.0, 13.0, 16.0]"
2021-06-08,66.72095559913255,0.7246802120519257,1.1230251712789718,602.0,634.4611593606594,"[7.0, 5.0, 6.0, 7.0, 6.0, 5.0, 8.0, 5.0, 5.0, 5.0, 5.0, 5.0, 6.0, 5.0, 5.0, 6.0, 6.0, 6.0, 6.0, 7.0, 7.0, 7.0, 9.0, 8.0, 12.0, 15.0, 16.0]"
2021-06-09,66.83697808258232,0.7241733152870959,1.1204392516390962,610.0,589.2169039751336,"[9.0, 5.0, 7.0, 6.0, 6.0, 6.0, 5.0, 5.0, 6.0, 5.0, 5.0, 5.0, 7.0, 6.0, 7.0, 6.0, 7.0, 7.0, 6.0, 7.0, 7.0, 7.0, 8.0, 14.0]"
2021-06-10,66.8109544235125,0.7273828285457072,1.1181835383533734,556.0,554.8107966240945,"[6.0, 5.0, 7.0, 6.0, 5.0, 8.0, 4.0, 5.0, 6.0, 9.0, 5.0, 5.0, 5.0, 5.0, 6.0, 6.0, 6.0, 6.0, 5.0, 6.0, 6.0, 5.0, 6.0, 6.0, 6.0, 7.0, 8.0, 8.0, 8.0, 10.0, 11.0, 14.0, 17.0, 17.0]"
2021-06-11,66.73662673082836,0.7148334911246712,1.1164738617373624,565.0,555.6275445018166,"[8.0, 12.0, 4.0, 4.0, 6.0, 4.0, 9.0, 5.0, 5.0, 6.0, 5.0, 5.0, 5.0, 5.0, 7.0, 7.0, 7.0, 9.0, 8.0, 8.0, 9.0, 16.0]"
2021-06-12,66.72528386365256,0.772356370380112,1.1152253301957231,452.0,557.8717048992035,"[6.0, 5.0, 5.0, 5.0, 6.0, 7.0, 6.0, 6.0, 7.0, 6.0, 7.0, 6.0, 8.0, 10.0, 10.0, 12.0, 11.0, 16.0]"
2021-06-13,66.81667296076473,0.7689682454620285,1.1142886665928988,399.0,565.4591505931186,"[5.0, 5.0, 5.0, 6.0, 7.0, 6.0, 5.0, 5.0, 6.0, 6.0, 6.0, 6.0, 8.0, 10.0, 7.0, 7.0, 8.0, 8.0, 8.0, 11.0, 14.0, 14.0, 17.0]"
2021-06-14,66.94747640959554,0.7632150838140555,1.113625832816862,373.0,552.706240015159,"[8.0, 7.0, 5.0, 7.0, 5.0, 5.0, 5.0, 5.0, 5.0, 6.0, 6.0, 6.0, 7.0, 7.0, 8.0, 9.0, 10.0, 9.0, 10.0, 13.0, 13.0]"
2021-06-15,66.99998200718031,0.7711064462629483,1.1133059515056876,545.0,521.054790409172,"[6.0, 5.0, 5.0, 5.0, 5.0, 5.0, 6.0, 6.0, 6.0, 6.0, 7.0, 8.0, 8.0, 8.0, 9.0, 11.0, 11.0, 13.0, 12.0, 11.0]"
2021-06-16,66.89347912223153,0.7450308349961358,1.1133708025897282,540.0,480.4271695836703,"[6.0, 8.0, 5.0, 7.0, 5.0, 5.0, 5.0, 5.0, 5.0, 5.0, 6.0, 6.0, 7.0, 7.0, 6.0, 7.0, 6.0, 8.0, 8.0, 7.0, 8.0, 8.0, 8.0, 7.0, 8.0, 8.0, 8.0, 10.0]"
2021-06-17,66.64882465016763,0.7650756138277839,1.1137265966957737,507.0,464.16357985812346,"[5.0, 6.0, 5.0, 5.0, 5.0, 6.0, 6.0, 6.0, 6.0, 7.0, 6.0, 6.0, 6.0, 6.0, 8.0, 8.0, 9.0, 9.0, 10.0, 10.0, 11.0, 11.0, 11.0]"
2021-06-18,66.37350707131975,0.7694577389141571,1.1141575468736309,482.0,469.011312559741,"[5.0, 7.0, 7.0, 7.0, 6.0, 6.0, 5.0, 10.0, 5.0, 6.0, 6.0, 6.0, 6.0, 6.0, 5.0, 6.0, 7.0, 7.0, 6.0, 8.0, 9.0, 8.0, 8.0, 8.0, 10.0, 10.0, 11.0, 12.0]"
2021-06-19,66.18150020527625,0.7378171486686784,1.1144670662924194,429.0,481.9764683795992,"[5.0, 9.0, 6.0, 4.0, 5.0, 6.0, 5.0, 6.0, 6.0, 6.0, 6.0, 6.0, 7.0, 7.0, 7.0, 7.0, 8.0, 8.0, 9.0, 9.0, 9.0]"
2021-06-20,66.10852897631597,0.7871890423519743,1.114606096543974,357.0,490.51820428416977,"[7.0, 7.0, 5.0, 6.0, 6.0, 6.0, 6.0, 6.0, 7.0, 6.0, 6.0, 7.0, 6.0, 6.0, 6.0, 7.0, 7.0, 8.0, 7.0, 8.0, 9.0, 8.0, 8.0, 8.0, 14.0, 10.0, 11.0, 11.0]"
2021-06-21,66.08605391730188,0.7344153774304502,1.1147147441348273,394.0,493.7786044789334,"[8.0, 6.0, 5.0, 6.0, 6.0, 5.0, 5.0, 6.0, 11.0, 5.0, 5.0, 5.0, 5.0, 5.0, 5.0, 6.0, 6.0, 7.0, 7.0, 7.0, 7.0, 6.0, 6.0, 6.0, 6.0, 7.0, 6.0, 6.0, 6.0, 6.0, 7.0, 7.0, 7.0, 7.0, 12.0, 7.0, 8.0, 10.0, 22.0, 21.0]"
2021-06-22,65.99336026391887,0.6928254094323024,1.1150158677176494,645.0,462.1352216009535,"[7.0, 5.0, 4.0, 4.0, 6.0, 6.0, 14.0, 4.0, 4.0, 7.0, 5.0, 5.0, 8.0, 5.0, 6.0, 6.0, 6.0, 6.0, 6.0, 8.0, 8.0, 10.0, 13.0]"
2021-06-23,65.74882867436064,0.7261968747702758,1.115648019774113,610.0,435.3346907314781,"[11.0, 7.0, 7.0, 5.0, 5.0, 7.0, 7.0, 5.0, 7.0, 5.0, 5.0, 5.0, 6.0, 5.0, 5.0, 5.0, 6.0, 6.0, 6.0, 5.0, 5.0, 6.0, 6.0, 6.0, 6.0, 6.0, 6.0, 7.0, 7.0, 8.0, 8.0, 12.0, 12.0, 18.0, 18.0]"
2021-06-24,65.37260086874493,0.6496126967671317,1.1165653493472834,634.0,443.4786412741443,"[6.0, 6.0, 4.0, 4.0, 5.0, 5.0, 6.0, 6.0, 5.0, 5.0, 5.0, 5.0, 5.0, 5.0, 5.0, 5.0, 6.0, 6.0, 6.0, 6.0, 6.0, 7.0, 7.0, 8.0, 9.0]"
2021-06-25,64.97034557816231,0.7204491924927432,1.1175715909842847,668.0,484.5345333873207,"[11.0, 5.0, 6.0, 6.0, 7.0, 4.0, 7.0, 6.0, 5.0, 6.0, 5.0, 5.0, 6.0, 6.0, 6.0, 6.0, 5.0, 6.0, 8.0, 6.0, 6.0, 6.0, 6.0, 7.0, 7.0, 6.0, 6.0, 7.0, 7.0, 7.0, 8.0, 9.0, 10.0]"
2021-06-26,64.65387080968037,0.7156747583575618,1.118470771832859,614.0,536.0688829940921,"[10.0, 6.0, 6.0, 6.0, 5.0, 5.0, 6.0, 9.0, 4.0, 6.0, 5.0, 5.0, 5.0, 5.0, 5.0, 6.0, 5.0, 6.0, 7.0, 6.0, 5.0, 6.0, 5.0, 6.0, 6.0, 6.0, 6.0, 12.0, 6.0, 14.0, 6.0, 7.0, 7.0, 7.0, 7.0, 7.0, 8.0, 9.0, 16.0]"
2021-06-27,64.45797243878899,0.6803733375793399,1.1192139389383322,501.0,595.5494259256025,"[6.0, 6.0, 5.0, 5.0, 5.0, 5.0, 5.0, 4.0, 4.0, 5.0, 5.0, 5.0, 6.0, 5.0, 6.0, 6.0, 7.0, 6.0, 7.0, 7.0, 7.0, 7.0, 9.0, 11.0, 13.0]"
2021-06-28,64.31606625109823,0.7213685854016005,1.1199348944055287,595.0,617.5503708222702,"[6.0, 5.0, 6.0, 7.0, 5.0, 6.0, 5.0, 7.0, 7.0, 5.0, 6.0, 5.0, 5.0, 7.0, 6.0, 6.0, 7.0, 7.0, 6.0, 7.0, 7.0, 11.0, 38.0]"
2021-06-29,64.11155850147489,0.7556560840761473,1.1208489748403927,794.0,611.2067444998506,"[7.0, 5.0, 6.0, 6.0, 6.0, 6.0, 6.0, 6.0, 7.0, 7.0, 6.0, 7.0, 6.0, 7.0, 7.0, 7.0, 7.0, 11.0, 11.0]"
